horizon,fold,spread_regime,confidence_threshold,active_signals,active_signal_fraction,gross_return_bps,full_estimated_cost_bps,applied_cost_bps,net_return_bps,mean_gross_return_active_bps,mean_full_estimated_cost_active_bps,mean_applied_cost_active_bps,mean_net_return_active_bps,active_hit_rate,mean_absolute_score_active,break_even_cost_fraction,max_drawdown_bps,sampled_observations
10,1,one_tick,0.05,4,1.0,0.512281723943353,1.538118724681659,1.538118724681659,-1.025837000738306,0.12807043098583826,0.38452968117041475,0.38452968117041475,-0.2564592501845765,0.25,0.26948489194490505,0.3330573353818177,-0.8549684027209481,4
10,1,one_tick,0.1,4,1.0,0.512281723943353,1.538118724681659,1.538118724681659,-1.025837000738306,0.12807043098583826,0.38452968117041475,0.38452968117041475,-0.2564592501845765,0.25,0.26948489194490505,0.3330573353818177,-0.8549684027209481,4
10,1,one_tick,0.2,4,1.0,0.512281723943353,1.538118724681659,1.538118724681659,-1.025837000738306,0.12807043098583826,0.38452968117041475,0.38452968117041475,-0.2564592501845765,0.25,0.26948489194490505,0.3330573353818177,-0.8549684027209481,4
10,1,one_tick,0.3,1,0.25,-0.0855205206495846,0.2565600992071744,0.2565600992071744,-0.34208061985675897,-0.0855205206495846,0.2565600992071744,0.2565600992071744,-0.34208061985675897,0.0,0.32200838555428773,-0.3333352337867865,-0.34208061985675897,4
10,1,one_tick,0.4,0,0.0,0.0,0.0,0.0,0.0,0.0,0.0,0.0,0.0,0.0,0.0,0.0,0.0,4
10,1,one_tick,0.5,0,0.0,0.0,0.0,0.0,0.0,0.0,0.0,0.0,0.0,0.0,0.0,0.0,0.0,4
10,1,three_plus_ticks,0.05,3387,0.8525044047319406,79.48190628867646,9997.334281764137,9997.334281764137,-9917.85237547546,0.023466757097335835,2.951678264471254,2.951678264471254,-2.928211507373918,0.3752583407144966,0.16458068088517208,0.00795030995749109,-9917.852375475455,3973
10,1,three_plus_ticks,0.1,2586,0.6508935313365215,102.56223184340163,7516.285598707066,7516.285598707066,-7413.7233668636645,0.03966056915831463,2.906529620536375,2.906529620536375,-2.866869051378061,0.39443155452436196,0.1921762778217817,0.013645334586679908,-7413.723366863653,3973
10,1,three_plus_ticks,0.2,909,0.22879436194311603,65.02146948909271,2423.084750265383,2423.084750265383,-2358.06328077629,0.07153076951495348,2.665659791271048,2.665659791271048,-2.5941290217560953,0.43454345434543457,0.2749398606311836,0.026834170567897546,-2358.0632807762895,3973
10,1,three_plus_ticks,0.3,233,0.058645859551975835,22.980919128969823,557.0157203269077,557.0157203269077,-534.034801197938,0.09863055420158723,2.390625409128359,2.390625409128359,-2.291994854926772,0.47639484978540775,0.3833310982714076,0.0412572182262334,-534.0348011979377,3973
10,1,three_plus_ticks,0.4,60,0.015101938082053864,6.91394519998445,127.23502961185731,127.23502961185731,-120.32108441187285,0.11523241999974083,2.1205838268642885,2.1205838268642885,-2.005351406864548,0.5166666666666667,0.5162848712853337,0.05433995041362512,-120.32108441187286,3973
10,1,three_plus_ticks,0.5,26,0.006544173168890007,4.783534504165798,57.931832064994865,57.931832064994865,-53.148297560829064,0.18398209631406917,2.228147387115187,2.228147387115187,-2.044165290801118,0.5769230769230769,0.6134609858562231,0.08257178020538099,-53.14829756082908,3973
10,1,two_ticks,0.05,26,1.0,-3.506239338526562,26.748111999676446,26.748111999676446,-30.25435133820301,-0.13485535917409855,1.0287735384490941,1.0287735384490941,-1.1636288976231925,0.5,0.24321016548020966,-0.13108361960533793,-29.912810369969904,26
10,1,two_ticks,0.1,21,0.8076923076923077,-5.217275568338842,18.715276402558548,18.715276402558548,-23.93255197089739,-0.24844169373042102,0.8912036382170737,0.8912036382170737,-1.1396453319474948,0.5238095238095238,0.28490757051403337,-0.2787709599429476,-23.59101100266428,26
10,1,two_ticks,0.2,17,0.6538461538461539,-5.302275094861697,16.57826596335639,16.57826596335639,-21.880541058218093,-0.31189853499186454,0.9751921154915524,0.9751921154915524,-1.287090650483417,0.5294117647058824,0.31612566126215375,-0.3198329129585404,-21.539000089984977,26
10,1,two_ticks,0.3,9,0.34615384615384615,-3.675948246257832,7.776344446520461,7.776344446520461,-11.452292692778293,-0.40843869402864796,0.8640382718356068,0.8640382718356068,-1.2724769658642547,0.4444444444444444,0.3994097241465942,-0.4727090307712181,-11.452292692778293,26
10,1,two_ticks,0.4,4,0.15384615384615385,0.00014890014665702722,1.8791332246616008,1.8791332246616008,-1.878984324514944,3.7225036664256805e-05,0.4697833061654002,0.4697833061654002,-0.46974608112873595,0.5,0.4714801283907188,7.923873874554133e-05,-1.8789843245149438,26
10,1,two_ticks,0.5,0,0.0,0.0,0.0,0.0,0.0,0.0,0.0,0.0,0.0,0.0,0.0,0.0,0.0,26
10,2,one_tick,0.05,10,0.8333333333333334,-0.770866212311816,5.572064849752904,5.572064849752904,-6.34293106206472,-0.0770866212311816,0.5572064849752904,0.5572064849752904,-0.634293106206472,0.3,0.23389001298504314,-0.13834480270738422,-5.486949893274987,12
10,2,one_tick,0.1,7,0.5833333333333334,-0.08488341333157123,4.371862433298402,4.371862433298402,-4.456745846629973,-0.012126201904510176,0.624551776185486,0.624551776185486,-0.6366779780899962,0.42857142857142855,0.29955776123408956,-0.01941584727942365,-3.6007646778402402,12
10,2,one_tick,0.2,6,0.5,-1.1140517595442656,3.3425969849065726,3.3425969849065726,-4.456648744450838,-0.1856752932573776,0.5570994974844288,0.5570994974844288,-0.7427747907418064,0.3333333333333333,0.33235768424312767,-0.33328928512014555,-3.6006675756611055,12
10,2,one_tick,0.3,4,0.3333333333333333,-1.799761147370793,2.4854271875367484,2.4854271875367484,-4.2851883349075415,-0.44994028684269827,0.6213567968841871,0.6213567968841871,-1.0712970837268854,0.0,0.37848861466592654,-0.7241254768579627,-3.4292071661178087,12
10,2,one_tick,0.4,1,0.08333333333333333,0.0,0.17124607204306644,0.17124607204306644,-0.17124607204306644,0.0,0.17124607204306644,0.17124607204306644,-0.17124607204306644,0.0,0.5479495660986127,0.0,-0.17124607204306644,12
10,2,one_tick,0.5,1,0.08333333333333333,0.0,0.17124607204306644,0.17124607204306644,-0.17124607204306644,0.0,0.17124607204306644,0.17124607204306644,-0.17124607204306644,0.0,0.5479495660986127,0.0,-0.17124607204306644,12
10,2,three_plus_ticks,0.05,2493,0.627485527309338,196.18796277602212,6622.167285534722,6622.167285534722,-6425.9793227587,0.07869553260169358,2.6563045670014933,2.6563045670014933,-2.5776090343997993,0.39590854392298436,0.13843853820848764,0.02962594484808163,-6425.9793227587,3973
10,2,three_plus_ticks,0.1,1407,0.3541404480241631,138.90087713874567,3585.2232339691186,3585.2232339691186,-3446.322356830373,0.09872130571339423,2.548133073183453,2.548133073183453,-2.449411767470059,0.4235963041933191,0.18931084510338755,0.03874260208477219,-3446.3223568303697,3973
10,2,three_plus_ticks,0.2,419,0.10546186760634281,56.97653956593385,996.8446481018633,996.8446481018633,-939.8681085359294,0.13598219466809988,2.3791041720808193,2.3791041720808193,-2.2431219774127196,0.4701670644391408,0.3045800932748378,0.057156889666233786,-939.8681085359299,3973
10,2,three_plus_ticks,0.3,155,0.039013340045305815,17.98862689112668,365.5053588302667,365.5053588302667,-347.5167319391401,0.1160556573621076,2.358099089227527,2.358099089227527,-2.2420434318654197,0.432258064516129,0.4195046344568201,0.04921576785822238,-347.51673193913985,3973
10,2,three_plus_ticks,0.4,58,0.014598540145985401,6.768224847979454,137.51076939734946,137.51076939734946,-130.74254454937,0.11669353186171472,2.3708753344370597,2.3708753344370597,-2.254181802575345,0.4482758620689655,0.5539702314482364,0.049219598418666924,-130.74254454937002,3973
10,2,three_plus_ticks,0.5,32,0.008054366977095394,2.482725713097711,71.36384341134317,71.36384341134317,-68.88111769824548,0.07758517853430347,2.230120106604474,2.230120106604474,-2.152534928070171,0.40625,0.6474122834787044,0.03478968612700988,-68.88111769824548,3973
10,2,two_ticks,0.05,14,0.7777777777777778,-4.890096119800624,13.801281071260268,13.801281071260268,-18.691377191060894,-0.34929257998575886,0.985805790804305,0.985805790804305,-1.3350983707900639,0.5,0.20588603988414592,-0.3543218991448367,-16.123511340888683,18
10,2,two_ticks,0.1,11,0.6111111111111112,-5.402777289313931,11.401028468201783,11.401028468201783,-16.803805757515715,-0.49116157175581193,1.0364571334728894,1.0364571334728894,-1.5276187052287014,0.45454545454545453,0.23972175542769783,-0.4738850801383956,-14.235939907343504,18
10,2,two_ticks,0.2,6,0.3333333333333333,-2.9981055056649275,5.5678553251817995,5.5678553251817995,-8.565960830846729,-0.4996842509441546,0.9279758875303,0.9279758875303,-1.4276601384744547,0.5,0.33672482414170174,-0.5384668477475274,-5.998094980674517,18
10,2,two_ticks,0.3,3,0.16666666666666666,-0.5989508228154694,2.1412532646652704,2.1412532646652704,-2.7402040874807403,-0.19965027427182314,0.7137510882217568,0.7137510882217568,-0.9134013624935801,0.6666666666666666,0.444614234920741,-0.2797197476353176,-2.7402040874807403,18
10,2,two_ticks,0.4,1,0.05555555555555555,0.08559884955183783,0.2567972813767285,0.2567972813767285,-0.1711984318248907,0.08559884955183783,0.2567972813767285,0.2567972813767285,-0.1711984318248907,1.0,0.6432113744489654,0.33333238223134465,-0.1711984318248907,18
10,2,two_ticks,0.5,1,0.05555555555555555,0.08559884955183783,0.2567972813767285,0.2567972813767285,-0.1711984318248907,0.08559884955183783,0.2567972813767285,0.2567972813767285,-0.1711984318248907,1.0,0.6432113744489654,0.33333238223134465,-0.1711984318248907,18
10,3,one_tick,0.05,7,0.7777777777777778,2.920113249476053,7.892009151018614,7.892009151018614,-4.9718959015425614,0.4171590356394361,1.127429878716945,1.127429878716945,-0.7102708430775088,0.7142857142857143,0.15939843891715338,0.37000885244781506,-5.143375414640272,9
10,3,one_tick,0.1,5,0.5555555555555556,2.1475732693998495,5.57863752628648,5.57863752628648,-3.43106425688663,0.4295146538799699,1.115727505257296,1.115727505257296,-0.686212851377326,0.8,0.1971944531061826,0.38496375849488473,-3.6025437699843406,9
10,3,one_tick,0.2,1,0.1111111111111111,0.2572876733475393,0.4288216153989013,0.4288216153989013,-0.17153394205136197,0.2572876733475393,0.4288216153989013,0.4288216153989013,-0.17153394205136197,1.0,0.39077580984091653,0.5999876501286053,-0.17153394205136197,9
10,3,one_tick,0.3,1,0.1111111111111111,0.2572876733475393,0.4288216153989013,0.4288216153989013,-0.17153394205136197,0.2572876733475393,0.4288216153989013,0.4288216153989013,-0.17153394205136197,1.0,0.39077580984091653,0.5999876501286053,-0.17153394205136197,9
10,3,one_tick,0.4,0,0.0,0.0,0.0,0.0,0.0,0.0,0.0,0.0,0.0,0.0,0.0,0.0,0.0,9
10,3,one_tick,0.5,0,0.0,0.0,0.0,0.0,0.0,0.0,0.0,0.0,0.0,0.0,0.0,0.0,0.0,9
10,3,three_plus_ticks,0.05,2320,0.5840886203423967,189.66197268715624,5882.618923649496,5882.618923649496,-5692.95695096234,0.08175085029618803,2.535611605021334,2.535611605021334,-2.4538607547251465,0.40043103448275863,0.11484085425579559,0.032241077511356554,-5691.241626251365,3972
10,3,three_plus_ticks,0.1,1021,0.25704934541792546,107.34846192497204,2506.983200148742,2506.983200148742,-2399.63473822377,0.10514051118998241,2.4554193928978862,2.4554193928978862,-2.350278881707904,0.43780607247796277,0.16854617000714028,0.042819777140350575,-2397.9194135128027,3972
10,3,three_plus_ticks,0.2,217,0.054632426988922456,16.293521262180644,485.9137706299713,485.9137706299713,-469.6202493677906,0.07508535143862048,2.2392339660367337,2.2392339660367337,-2.164148614598113,0.4470046082949309,0.297125039033421,0.03353171333476849,-469.62024936779073,3972
10,3,three_plus_ticks,0.3,73,0.01837865055387714,7.1186007823997866,158.3425021497819,158.3425021497819,-151.2239013673821,0.09751507921095598,2.1690753719148206,2.1690753719148206,-2.0715602927038645,0.5068493150684932,0.42126365151876455,0.04495698050587861,-151.2239013673821,3972
10,3,three_plus_ticks,0.4,32,0.008056394763343404,4.029707277976025,60.77298708111282,60.77298708111282,-56.7432798031368,0.12592835243675077,1.899155846284776,1.899155846284776,-1.773227493848025,0.59375,0.522220960374824,0.06630754010161839,-56.74327980313679,3972
10,3,three_plus_ticks,0.5,16,0.004028197381671702,2.8286971075475176,32.64859419840997,32.64859419840997,-29.819897090862447,0.17679356922171985,2.040537137400623,2.040537137400623,-1.8637435681789032,0.6875,0.6097675967656306,0.08664070159827215,-29.819897090862444,3972
10,3,two_ticks,0.05,17,0.7727272727272727,5.404534270037065,11.572471344599503,11.572471344599503,-6.16793707456244,0.3179137805904156,0.6807336085058531,0.6807336085058531,-0.3628198279154376,0.6470588235294118,0.22839117855712424,0.4670164314175801,-5.99635162500813,22
10,3,two_ticks,0.1,10,0.45454545454545453,2.4028709807188964,6.513822463711834,6.513822463711834,-4.110951482992937,0.24028709807188964,0.6513822463711835,0.6513822463711835,-0.4110951482992937,0.5,0.33121551684935713,0.36888800609859507,-4.110951482992937,22
10,3,two_ticks,0.2,6,0.2727272727272727,1.0304482384770886,3.0859371849783237,3.0859371849783237,-2.0554889465012347,0.17174137307951476,0.514322864163054,0.514322864163054,-0.34258149108353914,0.3333333333333333,0.47014478728109776,0.33391743794821493,-2.0554889465012347,22
10,3,two_ticks,0.3,4,0.18181818181818182,-0.1711830460304764,1.5409346670757031,1.5409346670757031,-1.7121177131061796,-0.0427957615076191,0.3852336667689258,0.3852336667689258,-0.4280294282765449,0.0,0.5874576503427122,-0.11109039837187758,-1.7121177131061796,22
10,3,two_ticks,0.4,3,0.13636363636363635,0.0,1.027379668155431,1.027379668155431,-1.027379668155431,0.0,0.34245988938514366,0.34245988938514366,-0.34245988938514366,0.0,0.6705225641766321,0.0,-1.027379668155431,22
10,3,two_ticks,0.5,2,0.09090909090909091,0.0,0.6849197787702873,0.6849197787702873,-0.6849197787702873,0.0,0.34245988938514366,0.34245988938514366,-0.34245988938514366,0.0,0.7803203636044149,0.0,-0.6849197787702873,22
10,4,one_tick,0.05,14,0.6666666666666666,-1.375231357311213,6.190737248820453,6.190737248820453,-7.5659686061316656,-0.09823081123651521,0.44219551777288946,0.44219551777288946,-0.5404263290094048,0.21428571428571427,0.21561580875162628,-0.2221433897187676,-7.22270052234024,21
10,4,one_tick,0.1,12,0.5714285714285714,0.43155814581585794,3.8679398870850124,3.8679398870850124,-3.4363817412691544,0.03596317881798816,0.3223283239237511,0.3223283239237511,-0.28636514510576294,0.25,0.23746610388354492,0.11157312637066141,-3.093113657477729,21
10,4,one_tick,0.2,5,0.23809523809523808,-0.17025899903932995,2.0622172876660847,2.0622172876660847,-2.232476286705414,-0.03405179980786599,0.41244345753321693,0.41244345753321693,-0.44649525734108286,0.2,0.3850030268077741,-0.08256113458927533,-2.232476286705414,21
10,4,one_tick,0.3,2,0.09523809523809523,-0.6009357427971818,1.1161635986024172,1.1161635986024172,-1.717099341399599,-0.3004678713985909,0.5580817993012086,0.5580817993012086,-0.8585496706997995,0.0,0.5756355185212048,-0.5383939626320299,-1.717099341399599,21
10,4,one_tick,0.4,2,0.09523809523809523,-0.6009357427971818,1.1161635986024172,1.1161635986024172,-1.717099341399599,-0.3004678713985909,0.5580817993012086,0.5580817993012086,-0.8585496706997995,0.0,0.5756355185212048,-0.5383939626320299,-1.717099341399599,21
10,4,one_tick,0.5,1,0.047619047619047616,0.0,0.1717844105645847,0.1717844105645847,-0.1717844105645847,0.0,0.1717844105645847,0.1717844105645847,-0.1717844105645847,0.0,0.6742287227587661,0.0,-0.1717844105645847,21
10,4,three_plus_ticks,0.05,2522,0.6384810126582279,207.60865947073052,6166.895831483847,6166.895831483847,-5959.287172013117,0.08231905609465918,2.4452402186692495,2.4452402186692495,-2.3629211625745903,0.40087232355273594,0.1351604514224713,0.03366501804859849,-5954.479417055215,3950
10,4,three_plus_ticks,0.1,1367,0.34607594936708863,143.54026812219644,3153.065507051584,3153.065507051584,-3009.5252389293873,0.10500385378361114,2.3065585274700684,2.3065585274700684,-2.2015546736864575,0.43452816386247256,0.18710972230586156,0.04552403614868764,-3009.5252389293855,3950
10,4,three_plus_ticks,0.2,400,0.10126582278481013,56.35840085265076,872.930794420726,872.930794420726,-816.5723935680752,0.1408960021316269,2.182326986051815,2.182326986051815,-2.041430983920188,0.47,0.30588922179015304,0.06456227826176072,-816.572393568075,3950
10,4,three_plus_ticks,0.3,142,0.035949367088607596,14.691614183566237,301.9297582021231,301.9297582021231,-287.23814401855685,0.10346207171525519,2.126265902831853,2.126265902831853,-2.0228038311165975,0.4647887323943662,0.4243148159281827,0.048659046630743566,-287.2381440185569,3950
10,4,three_plus_ticks,0.4,60,0.015189873417721518,4.897375717520802,136.49751684856824,136.49751684856824,-131.60014113104742,0.0816229286253467,2.2749586141428035,2.2749586141428035,-2.193335685517457,0.45,0.5384052734205441,0.035878863078176004,-131.60014113104745,3950
10,4,three_plus_ticks,0.5,34,0.008607594936708861,2.9209577242139684,82.81151438730438,82.81151438730438,-79.89055666309042,0.08591052130041084,2.435632776097188,2.435632776097188,-2.3497222547967773,0.47058823529411764,0.608844284030844,0.03527236213255113,-79.89055666309044,3950
10,4,two_ticks,0.05,24,0.75,5.582876888513555,19.675094572992887,19.675094572992887,-14.092217684479335,0.23261987035473145,0.8197956072080371,0.8197956072080371,-0.5871757368533056,0.7083333333333334,0.17796260121811336,0.28375349698074226,-13.920181050043993,32
10,4,two_ticks,0.1,18,0.5625,6.438739021338291,14.171895621511252,14.171895621511252,-7.733156600172961,0.35770772340768286,0.7873275345284029,0.7873275345284029,-0.42961981112072,0.8333333333333334,0.21207306352798166,0.45433153004352156,-7.56111996573762,32
10,4,two_ticks,0.2,10,0.3125,0.2580576549282565,5.757113135136227,5.757113135136227,-5.4990554802079705,0.02580576549282565,0.5757113135136227,0.5757113135136227,-0.549905548020797,0.8,0.2585483264278728,0.044824141695827595,-5.49905548020797,32
10,4,two_ticks,0.3,2,0.0625,-1.2023055402765603,2.0628150017596445,2.0628150017596445,-3.2651205420362053,-0.6011527701382802,1.0314075008798222,1.0314075008798222,-1.6325602710181026,0.5,0.4600815833680223,-0.5828470023976735,-3.2651205420362053,32
10,4,two_ticks,0.4,2,0.0625,-1.2023055402765603,2.0628150017596445,2.0628150017596445,-3.2651205420362053,-0.6011527701382802,1.0314075008798222,1.0314075008798222,-1.6325602710181026,0.5,0.4600815833680223,-0.5828470023976735,-3.2651205420362053,32
10,4,two_ticks,0.5,0,0.0,0.0,0.0,0.0,0.0,0.0,0.0,0.0,0.0,0.0,0.0,0.0,0.0,32
10,5,one_tick,0.05,21,0.84,-3.5265443625787096,12.472856583789156,12.472856583789156,-15.999400946367864,-0.1679306839323195,0.5939455516090073,0.5939455516090073,-0.7618762355413269,0.38095238095238093,0.16775195531097556,-0.2827375059504912,-15.999442462503506,25
10,5,one_tick,0.1,13,0.52,-3.6122412862726883,7.912930618775842,7.912930618775842,-11.52517190504853,-0.2778647143286683,0.6086869706750648,0.6086869706750648,-0.8865516850037329,0.23076923076923078,0.22195340769776004,-0.45649854147609276,-11.52517190504853,25
10,5,one_tick,0.2,7,0.28,-1.89267586720554,4.816944127890949,4.816944127890949,-6.709619995096489,-0.27038226674364857,0.6881348754129927,0.6881348754129927,-0.9585171421566413,0.2857142857142857,0.28267325954452777,-0.3929204526676188,-6.709619995096489,25
10,5,one_tick,0.3,3,0.12,-0.43025631308979406,1.4625750793747485,1.4625750793747485,-1.8928313924645424,-0.14341877102993136,0.4875250264582494,0.4875250264582494,-0.6309437974881807,0.3333333333333333,0.3306161249962769,-0.2941772488518872,-1.8928313924645424,25
10,5,one_tick,0.4,0,0.0,0.0,0.0,0.0,0.0,0.0,0.0,0.0,0.0,0.0,0.0,0.0,0.0,25
10,5,one_tick,0.5,0,0.0,0.0,0.0,0.0,0.0,0.0,0.0,0.0,0.0,0.0,0.0,0.0,0.0,25
10,5,three_plus_ticks,0.05,2830,0.7180918548591728,225.05184439370328,6082.201819466157,6082.201819466157,-5857.149975072453,0.07952361992710363,2.1491879220728465,2.1491879220728465,-2.069664302145743,0.4067137809187279,0.1485497748704722,0.03700170613763954,-5855.944585258007,3941
10,5,three_plus_ticks,0.1,1819,0.46155798020806904,163.0388443383668,3824.750140807995,3824.750140807995,-3661.711296469628,0.08963103042241166,2.1026663775744887,2.1026663775744887,-2.013035347152077,0.42221000549752613,0.1899039228814855,0.04262731899760755,-3660.505906655178,3941
10,5,three_plus_ticks,0.2,586,0.14869322506977925,75.75821071053035,1131.8948596465086,1131.8948596465086,-1056.1366489359782,0.12928022305551254,1.9315611939360215,1.9315611939360215,-1.8022809708805092,0.4726962457337884,0.2908363604893898,0.06693043091845975,-1056.1367023074288,3941
10,5,three_plus_ticks,0.3,173,0.043897487947221515,29.41151575625911,315.9753412769688,315.9753412769688,-286.56382552070966,0.17000876159687348,1.8264470594044437,1.8264470594044437,-1.6564382978075702,0.5202312138728323,0.41160073174949385,0.09308168047986501,-286.5638788921615,3941
10,5,three_plus_ticks,0.4,73,0.018523217457498097,14.61844307117599,136.91520534028177,136.91520534028177,-122.29676226910578,0.20025264481063001,1.8755507580860518,1.8755507580860518,-1.6752981132754214,0.5616438356164384,0.5075540905607049,0.10677004818306403,-122.29676226910578,3941
10,5,three_plus_ticks,0.5,30,0.0076122811469170265,7.826126149962365,56.162520958033774,56.162520958033774,-48.33639480807141,0.2608708716654122,1.872084031934459,1.872084031934459,-1.6112131602690467,0.6333333333333333,0.5982223847967546,0.13934784294690525,-48.336394808071404,3941
10,5,two_ticks,0.05,29,0.7837837837837838,2.664420411281343,16.59911392660066,16.59911392660066,-13.934693515319317,0.0918765659062532,0.5723832388482987,0.5723832388482987,-0.4805066729420454,0.41379310344827586,0.1770769369173954,0.1605158216916336,-13.590589733619066,37
10,5,two_ticks,0.1,18,0.4864864864864865,3.0084428264975926,10.233801805942072,10.233801805942072,-7.225358979444479,0.1671357125831996,0.5685445447745595,0.5685445447745595,-0.40140883219136,0.5,0.2395385736770452,0.2939711832948333,-7.225358979444479,37
10,5,two_ticks,0.2,9,0.24324324324324326,2.2351694377531484,5.502784997116395,5.502784997116395,-3.2676155593632457,0.24835215975034983,0.611420555235155,0.611420555235155,-0.36306839548480513,0.5555555555555556,0.31759936907885966,0.40618876422110556,-3.267615559363246,37
10,5,two_ticks,0.3,4,0.10810810810810811,0.8599842420964343,2.4082426811895505,2.4082426811895505,-1.5482584390931164,0.21499606052410858,0.6020606702973876,0.6020606702973876,-0.3870646097732791,0.5,0.3999691770318656,0.35710032415489185,-1.5482584390931164,37
10,5,two_ticks,0.4,1,0.02702702702702703,0.0,0.3441926101863022,0.3441926101863022,-0.3441926101863022,0.0,0.3441926101863022,0.3441926101863022,-0.3441926101863022,0.0,0.5032599088643321,0.0,-0.3441926101863022,37
10,5,two_ticks,0.5,1,0.02702702702702703,0.0,0.3441926101863022,0.3441926101863022,-0.3441926101863022,0.0,0.3441926101863022,0.3441926101863022,-0.3441926101863022,0.0,0.5032599088643321,0.0,-0.3441926101863022,37
