horizon,fold,regime_type,regime_label,validation_fraction,validation_observations,zero_mae_bps,ridge_mae_bps,ridge_mae_improvement_pct,ridge_rmse_bps,ridge_rank_ic,ridge_nonzero_directional_accuracy,active_signals,active_signal_fraction,gross_return_bps,full_estimated_cost_bps,applied_cost_bps,net_return_bps,mean_gross_return_active_bps,mean_full_estimated_cost_active_bps,mean_applied_cost_active_bps,mean_net_return_active_bps,active_hit_rate,mean_absolute_score_active,break_even_cost_fraction,max_drawdown_bps,sampled_observations
100,1,spread,one_tick,0.001498538924548565,60,1.2549989617349766,1.826410452947663,-45.53083378035127,2.300412366578571,-0.2123328695558465,0.5423728813559322,0,0.0,0.0,0.0,0.0,0.0,0.0,0.0,0.0,0.0,0.0,0.0,0.0,0.0,0
100,1,spread,three_plus_ticks,0.9931566722445615,39765,0.9945210694032118,1.1683288771630111,-17.47653349004433,1.487104091908177,0.022912578243611682,0.5111418071880945,358,0.9017632241813602,15.430536192068136,1063.7604097741837,1063.7604097741837,-1048.3298735821154,0.043102056402424954,2.9713977926653174,2.9713977926653174,-2.9282957362628923,0.49441340782122906,0.31167396291736554,0.01450565000378586,-1043.2058625211325,397
100,1,spread,two_ticks,0.0053447888308898826,214,1.3519493143858092,1.3603363486411757,-0.6203660274924357,1.738233700559595,-0.10602244622880955,0.5887850467289719,3,1.0,-1.7074814355899637,6.493974218734762,6.493974218734762,-8.201455654324725,-0.5691604785299879,2.1646580729115876,2.1646580729115876,-2.733818551441575,0.3333333333333333,0.39419458966326654,-0.26293320208509185,-4.614420944490879,3
100,1,depth,high,0.283548540173331,11353,0.9669751935173633,1.1449146798710275,-18.401659892267862,1.4468909894193958,0.07619115850973034,0.4839269406392694,107,0.9145299145299145,-2.564382226901696,329.2053530554494,329.2053530554494,-331.76973528235106,-0.02396618903646445,3.0766855425742934,3.0766855425742934,-3.100651731610758,0.514018691588785,0.30088282223479834,-0.0077896127845459625,-331.7697352823512,117
100,1,depth,low,0.2082719348635081,8339,1.040296122437414,1.1697327072823254,-12.442282735961884,1.5016029133591506,0.13043763678650291,0.5599109682206009,72,0.8780487804878049,2.389007809360244,217.39124707233069,217.39124707233069,-215.00223926297045,0.033180664018892275,3.0193228760045927,3.0193228760045927,-2.9861422119857,0.4861111111111111,0.29578393561564514,0.010989438818414665,-213.80651653398814,82
100,1,depth,medium,0.5081795249631609,20347,0.9956577716023571,1.1847779525025868,-18.99449653226429,1.509024109518504,-0.04606150729311571,0.5071665391481764,182,0.9054726368159204,13.898429174019622,523.6577838651384,523.6577838651384,-509.75935469111886,0.07636499546164627,2.8772405706875737,2.8772405706875737,-2.8008755752259273,0.4835164835164835,0.3256645997250373,0.026541053341047997,-504.6353436301351,201
100,1,volatility,high,0.2133669672069732,8543,1.0125528826431698,1.15285677513128,-13.85645084747185,1.4835168166398975,-0.059248289184869976,0.5459673547767643,71,0.8765432098765432,6.328235545114413,202.5368777931067,202.5368777931067,-196.2086422479923,0.089130078100203,2.852632081593052,2.852632081593052,-2.763502003492849,0.4225352112676056,0.31192475719619234,0.031244855821164406,-193.47557412542253,81
100,1,volatility,low,0.42805764379729766,17139,0.947284450741514,1.1481707347003391,-21.206542955664016,1.464904272850229,0.1262982797482096,0.5084051592395623,164,0.9162011173184358,5.968324576324235,498.4622035550787,498.4622035550787,-492.49387897875454,0.03639222302636729,3.039403680213895,3.039403680213895,-3.0030114571875277,0.5060975609756098,0.31060099249537615,0.011973474686260243,-487.3698679177708,179
100,1,volatility,medium,0.35857538899572916,14357,1.0465974742719213,1.2072118655845638,-15.346338517047919,1.5234825631752114,-0.03757129941488485,0.49487491936061934,126,0.9,1.4264946350395213,369.2553026447331,369.2553026447331,-367.8288080096936,0.011321385992377154,2.9305976400375644,2.9305976400375644,-2.919276254045187,0.5158730158730159,0.3148939838352009,0.003863166283117609,-367.8288080096936,140
100,2,spread,one_tick,0.002972102200354654,119,1.0760047379852373,1.2135979535314843,-12.787417256533928,1.4805397986924158,-0.19678540373849127,0.40707964601769914,1,0.5,-1.9725726635733132,1.9729449237180399,1.9729449237180399,-3.945517587291353,-1.9725726635733132,1.9729449237180399,1.9729449237180399,-3.945517587291353,0.0,0.2136405716752372,-0.9998113175181671,-3.945517587291353,2
100,2,spread,three_plus_ticks,0.9930817452983342,39762,0.9853812401175713,0.995752438053229,-1.0525061279246817,1.2341833668474966,0.21048345996306153,0.5146070926417747,222,0.5591939546599496,34.892344970755,611.2218138025149,611.2218138025149,-576.3294688317599,0.15717272509349095,2.7532514135248416,2.7532514135248416,-2.596078688431351,0.46846846846846846,0.16992621275281128,0.057086223336310235,-576.5011977617361,397
100,2,spread,two_ticks,0.003946152501311221,158,0.9868614157361963,1.0656901788320183,-7.987825021714514,1.2318699546324783,0.06798099153342,0.3924050632911392,1,1.0,1.969245522106533,1.1132373194912437,1.1132373194912437,0.8560082026152893,1.969245522106533,1.1132373194912437,1.1132373194912437,0.8560082026152893,1.0,0.41108431423651737,1.7689359560875038,0.0,1
100,2,depth,high,0.18749219510976797,7507,0.7948293634935913,0.8318632690412574,-4.659352969156462,1.043971111879362,0.02957106589329563,0.4560310206342612,32,0.4507042253521127,1.785607406068479,84.59595990874497,84.59595990874497,-82.81035250267651,0.05580023143963997,2.643623747148281,2.643623747148281,-2.587823515708641,0.40625,0.14272548597158968,0.021107478513094982,-82.81035250267652,71
100,2,depth,low,0.473613227103574,18963,1.0311662072157848,1.040836319852962,-0.9377840904316614,1.2802573927595737,0.2850130057077198,0.5191310517984826,107,0.5815217391304348,16.629571837348813,293.2018573799389,293.2018573799389,-276.57228554259007,0.15541655922755895,2.740204274578868,2.740204274578868,-2.5847877153513084,0.5046728971962616,0.19299093840634055,0.05671714356092828,-277.60002267518144,184
100,2,depth,medium,0.338894577786658,13569,1.0276297971760717,1.026142600967924,0.14472100869735022,1.267613342198823,0.19002456281771726,0.5381043014845832,85,0.5862068965517241,16.473838585870926,236.51017875704036,236.51017875704036,-220.0363401711694,0.19380986571612854,2.7824726912592985,2.7824726912592985,-2.58866282554317,0.4470588235294118,0.15448350772313585,0.06965382493238903,-220.03634017116948,145
100,2,volatility,high,0.16913509328404805,6772,0.9191849686536362,0.9173875269999415,0.19554732888283008,1.1651181475462935,0.1897526872873592,0.5166515289131093,44,0.6470588235294118,9.695728761810463,126.28276162556132,126.28276162556132,-116.58703286375085,0.2203574718593287,2.870062764217302,2.870062764217302,-2.649705292357974,0.5909090909090909,0.18273809776702968,0.07677792785811169,-116.75876179372696,68
100,2,volatility,low,0.5353030794974899,21433,1.015679608305625,1.0252278317253298,-0.9400822209705841,1.2659699259945296,0.22536414340520178,0.5114104365521586,102,0.5074626865671642,15.657922982029724,271.78401003914627,271.78401003914627,-256.12608705711654,0.15350904884342864,2.6645491180308456,2.6645491180308456,-2.511040069187417,0.4411764705882353,0.16422756803947158,0.0576116416111987,-256.12608705711654,201
100,2,volatility,medium,0.295561827218462,11834,0.9693185638435479,0.9903370961961806,-2.1683823189447566,1.216860999846002,0.18043843807368032,0.516445066480056,78,0.5954198473282443,9.535366085448027,216.24122438101665,216.24122438101665,-206.7058582955686,0.12224828314676958,2.772323389500213,2.772323389500213,-2.650075106353444,0.4358974358974359,0.17380328045205704,0.04409596788374972,-203.97170460787993,131
100,3,spread,one_tick,0.0018731736556857064,75,0.9066889691147217,0.7671805671342485,15.386577617315368,0.937674808696407,0.3221183581473744,0.7333333333333333,0,0.0,0.0,0.0,0.0,0.0,0.0,0.0,0.0,0.0,0.0,0.0,0.0,0.0,2
100,3,spread,three_plus_ticks,0.9919578411049227,39717,0.9983020242241498,1.0105354535978606,-1.2254236770899267,1.2646558638728467,0.13652012743095818,0.5276570268370774,127,0.3198992443324937,52.13195315843855,319.81441998536286,319.81441998536286,-267.6824668269243,0.4104878201451854,2.5182237794123057,2.5182237794123057,-2.1077359592671208,0.6062992125984252,0.17166851231730115,0.16300688743435804,-267.6824668269242,397
100,3,spread,two_ticks,0.0061689852393915934,247,1.079403246685676,1.212198856569056,-12.302687646264818,1.423317343252804,0.3170389690207061,0.45121951219512196,0,0.0,0.0,0.0,0.0,0.0,0.0,0.0,0.0,0.0,0.0,0.0,0.0,0.0,1
100,3,depth,high,0.1476810110142611,5913,0.916215618341643,0.9482939603044517,-3.5011782511272522,1.1946512032476728,0.03649862661641831,0.5304223335719399,13,0.23636363636363636,7.0297277348685405,28.473562473308895,28.473562473308895,-21.443834738440355,0.5407482872975801,2.190274036408377,2.190274036408377,-1.6495257491107966,0.6923076923076923,0.18203633713484832,0.24688613310885155,-18.527484048568216,55
100,3,depth,low,0.6069582157396538,24302,1.010866615502134,1.0118124245954856,-0.09356418333014256,1.2688470766446187,0.20200727737645757,0.5358730158730158,84,0.336,29.84041201592347,214.50716656668357,214.50716656668357,-184.6667545507601,0.3552430001895651,2.553656744841471,2.553656744841471,-2.198413744651906,0.5714285714285714,0.1696965004683229,0.13911149214050628,-184.66675455076006,250
100,3,depth,medium,0.24536077324608507,9824,1.0179674602543296,1.0480517651520902,-2.955330702834481,1.296894747885601,0.03360178628861126,0.5053018372703412,30,0.3157894736842105,15.26181340764654,76.83369094537039,76.83369094537039,-61.57187753772386,0.508727113588218,2.5611230315123463,2.5611230315123463,-2.0523959179241285,0.6666666666666666,0.17269742140683655,0.19863439097957508,-61.57187753772386,95
100,3,volatility,high,0.18122330727540648,7256,1.0670838900132165,1.1150041068587124,-4.4907637809903065,1.3718178085970931,0.08782146978670215,0.4882990867579909,24,0.3116883116883117,17.32526594950268,61.060422830450776,61.060422830450776,-43.73515688094811,0.7218860812292783,2.5441842846021157,2.5441842846021157,-1.8222982033728377,0.7916666666666666,0.1644788663207568,0.28373969825938683,-43.7351568809481,77
100,3,volatility,low,0.47920777242188867,19187,0.9894258546646386,0.9975397012521363,-0.8200560506120844,1.2559296656547307,0.14451448724527013,0.532514411939012,57,0.29533678756476683,20.323344374009178,137.10764690640335,137.10764690640335,-116.78430253239415,0.3565499012984067,2.405397314147427,2.405397314147427,-2.04884741284902,0.5789473684210527,0.1672923334512043,0.14822910926246824,-116.78430253239418,193
100,3,volatility,medium,0.33956892030270486,13596,0.9750883488775528,0.9754430879201448,-0.03638019498441621,1.2179440585153647,0.15360724146330576,0.5414989748652138,46,0.35384615384615387,14.483342834926693,121.64635024850872,121.64635024850872,-107.16300741358205,0.3148552790201455,2.6444858749675815,2.6444858749675815,-2.3296305959474357,0.5434782608695652,0.18084228838870517,0.11906105530777522,-107.16300741358204,130
100,4,spread,one_tick,0.0051200079922075975,205,0.8498579270420448,0.8313325480131015,2.179820701728507,1.0462497956927268,-0.028939352796985306,0.58,1,1.0,2.495203186976269,0.6021616419771116,0.6021616419771116,1.8930415449991576,2.495203186976269,0.6021616419771116,0.6021616419771116,1.8930415449991576,1.0,0.12918370789297218,4.143743163021188,0.0,1
100,4,spread,three_plus_ticks,0.9868628087614576,39513,0.9692775775841421,0.9583161289351292,1.1308884990751151,1.2136102834878695,0.1829112819178898,0.5592998270530894,129,0.3249370277078086,34.204921575465846,305.25123438498747,305.25123438498747,-271.0463128095216,0.2651544308175646,2.3662886386433137,2.3662886386433137,-2.101134207825749,0.5891472868217055,0.1883631671810166,0.11205498200320488,-271.04631280952157,397
100,4,spread,two_ticks,0.008017183246334823,321,1.0000401626906228,1.081632306767146,-8.158886724808971,1.3176415572760376,-0.4614517345098017,0.6141479099678456,2,1.0,-1.373032452315348,2.063103769899691,2.063103769899691,-3.436136222215039,-0.686516226157674,1.0315518849498455,1.0315518849498455,-1.7180681111075196,0.5,0.19841352027033068,-0.6655178824970619,0.0,2
100,4,depth,high,0.1911386398261695,7653,0.9415770674971584,0.9388176621497808,0.29306208090990354,1.169999647270696,0.10431307949751445,0.5244572684803518,24,0.3157894736842105,11.530780925432804,42.159498274292545,42.159498274292545,-30.628717348859745,0.48044920522636686,1.756645761428856,1.756645761428856,-1.2761965562024893,0.6666666666666666,0.1973673081535899,0.2735037511692564,-30.80027626136242,76
100,4,depth,low,0.4829541197332601,19337,0.9979222243229837,0.9784635997253511,1.949913943527395,1.233456380388036,0.23066702575582715,0.5804371002132196,64,0.3422459893048128,13.224254280819192,166.01310436637428,166.01310436637428,-152.78885008555505,0.20662897313779988,2.593954755724598,2.593954755724598,-2.387325782586798,0.546875,0.17830107562786562,0.07965789406379986,-152.7888500855551,187
100,4,depth,medium,0.32590724044057046,13049,0.9419562679944996,0.9409341826275817,0.1085066686900495,1.209290835082751,0.1462248549923768,0.5496636327661258,44,0.32116788321167883,10.572057103874766,99.74389715619745,99.74389715619745,-89.17184005232268,0.24027402508806286,2.2669067535499416,2.2669067535499416,-2.026632728461879,0.6136363636363636,0.19719943361170944,0.10599201961518591,-89.17184005232265,137
100,4,volatility,high,0.2670646120032968,10693,1.0229688764318818,1.0034518618918609,1.9078796031504273,1.275622248223732,0.1956110365333532,0.5565619579880516,41,0.3942307692307692,4.475669337710153,100.83273450741693,100.83273450741693,-96.35706516970677,0.10916266677341836,2.4593349879857787,2.4593349879857787,-2.3501723212123604,0.5121951219512195,0.21591472917211588,0.04438706695374742,-96.35706516970681,104
100,4,volatility,low,0.39826169484752366,15946,0.9534759435466105,0.9352380250470648,1.9127822388163005,1.1887922163946765,0.2116161166679657,0.5763598326359832,47,0.2974683544303797,19.770905187298517,102.70574293314107,102.70574293314107,-82.93483774584256,0.42065755717656417,2.1852285730455545,2.1852285730455545,-1.76457101586899,0.6595744680851063,0.17656619292829215,0.1925004836406168,-81.21833749929229,158
100,4,volatility,medium,0.33467369314917955,13400,0.9441466491693399,0.9507728387178015,-0.7018178324618676,1.1921176904195083,0.1344875034246526,0.5430417724440342,44,0.3188405797101449,11.080517785118094,104.37802235630626,104.37802235630626,-93.29750457118817,0.25182994966177485,2.3722277808251424,2.3722277808251424,-2.1203978311633667,0.5909090909090909,0.1744032807067793,0.10615757546443527,-93.29750457118811,138
100,5,spread,one_tick,0.005369764479632358,215,0.948022588791484,0.9321448145750061,1.6748307903420905,1.1191732146110396,0.26285813337267044,0.5023474178403756,3,0.5,2.5788546527694134,2.064620400796396,2.064620400796396,0.5142342519730172,0.8596182175898045,0.6882068002654654,0.6882068002654654,0.17141141732433907,0.6666666666666666,0.12626205330642515,1.2490696361300406,0.0,6
100,5,spread,three_plus_ticks,0.9857139289193037,39467,0.977915931768315,0.9453599096806996,3.329122783463202,1.1807758979140976,0.2723811739589103,0.5904665208788921,157,0.40153452685422,61.31265141696818,332.3975809819362,332.3975809819362,-271.08492956496804,0.3905264421462941,2.1171820444709315,2.1171820444709315,-1.726655602324637,0.6178343949044586,0.17390900687822794,0.18445576900964317,-272.2901947656938,391
100,5,spread,two_ticks,0.008916306601063963,357,0.9915919275289279,1.0268976977807693,-3.560514085650568,1.1929084644555688,0.14217070000425536,0.4661016949152542,3,1.0,0.17173212311871744,2.064878841590454,2.064878841590454,-1.8931467184717365,0.05724404103957248,0.688292947196818,0.688292947196818,-0.6310489061572455,0.3333333333333333,0.17008701878187402,0.08316813541778671,-2.4092135946295006,3
100,5,depth,high,0.2174379979519968,8706,0.9349946772647288,0.9314634678759188,0.3776716033443486,1.140012890396006,0.21144943408281774,0.5250768866808612,39,0.4588235294117647,3.9523058160395586,78.44574648916208,78.44574648916208,-74.4934406731225,0.1013411747702451,2.0114293971580017,2.0114293971580017,-1.9100882223877567,0.5128205128205128,0.1671170464242795,0.050382665637398225,-72.08396355879151,85
100,5,depth,low,0.4508354354504358,18051,0.9911509480131047,0.9408299579643487,5.077025870744633,1.194796865888221,0.2674955363711276,0.6201997146932953,81,0.45,45.57106507857122,171.29006377113635,171.29006377113635,-125.7189986925651,0.562605741710756,2.1146921453226706,2.1146921453226706,-1.5520864036119146,0.7037037037037037,0.1798359226889642,0.26604616797539127,-125.71899869256511,180
100,5,depth,medium,0.3317265665975674,13282,0.9879462303092011,0.9626028193093908,2.5652621794891086,1.1872044470055862,0.30095066152159483,0.588076923076923,43,0.31851851851851853,14.539867298245523,86.79126996402466,86.79126996402466,-72.25140266577914,0.33813644879640753,2.018401627070341,2.018401627070341,-1.6802651782739335,0.5348837209302325,0.16531364529752757,0.16752684117045824,-72.42342766781388,135
100,5,volatility,high,0.14071280501511027,5634,1.0037238189012065,0.9993503458040919,0.43572474965298535,1.2068369936655174,0.09172007958025451,0.5504885993485342,24,0.43636363636363634,8.253880858959395,50.91987323675398,50.91987323675398,-42.66599237779458,0.34391170245664143,2.121661384864749,2.121661384864749,-1.7777496824081076,0.625,0.1935084824190646,0.16209547145929934,-42.66599237779458,55
100,5,volatility,low,0.5085791353430406,20363,0.9768177409412758,0.9316389421339929,4.625100150591857,1.170177582671104,0.33091987167923886,0.6004547751389591,82,0.3904761904761905,38.69657109708879,173.38276198107278,173.38276198107278,-134.68619088398395,0.4719094036230341,2.114423926598448,2.114423926598448,-1.6425145229754137,0.6585365853658537,0.161953478263057,0.2231858037958415,-133.65295068529292,210
100,5,volatility,medium,0.3507080596418492,14042,0.9690436974320958,0.9454657129806854,2.433118807117844,1.1848885831863163,0.2524972377582416,0.5875722754885457,57,0.4222222222222222,17.11278623680812,112.22444500649631,112.22444500649631,-95.1116587696882,0.3002243199440021,1.9688499123946719,1.9688499123946719,-1.66862559245067,0.543859649122807,0.18014688597400808,0.15248715407607955,-96.31692397041401,135
