horizon,model,feature,mean,std,min,max
10,lightgbm_classifier,trade_pressure_20,0.11626634983679338,0.004864574973643861,0.1103694312499835,0.1233593713144828
10,lightgbm_classifier,rolling_volatility_20,0.10438391469495789,0.006241401237667296,0.0943260104972439,0.1102020088510013
10,lightgbm_classifier,trade_pressure_50,0.06721928554910919,0.014931678332275093,0.0467599335330069,0.085166207880704
10,lightgbm_classifier,spread_bps,0.06511968358409702,0.0038060722807451235,0.059148047739075,0.0694442377925311
10,lightgbm_classifier,seconds_from_open,0.05808128735092738,0.01103444372343066,0.0451781235220525,0.0719606006643829
10,lightgbm_classifier,rolling_volatility_50,0.047527668230838496,0.0024167434770277223,0.0448419869204701,0.0503743262665267
10,lightgbm_classifier,is_visible_execution,0.04378091596914542,0.006676334789056597,0.0347059293608451,0.0507892863057031
10,lightgbm_classifier,ofi_l1,0.03979347607397884,0.0049277208939692745,0.0335291949228344,0.0463495516816501
10,lightgbm_classifier,event_intensity_20,0.03877421833953612,0.005733284851980566,0.0324144503964168,0.0432910340167509
10,lightgbm_classifier,queue_imbalance_l1,0.03704747246897392,0.0014220388043902608,0.034788000937856,0.0386412743030909
10,lightgbm_classifier,time_cos,0.03689633512264252,0.0089343295726176,0.0263773982829562,0.0488398198254008
10,lightgbm_classifier,microprice_deviation_bps,0.034833724671644486,0.0024946138183016657,0.0322123790759863,0.0387481667843245
10,lightgbm_classifier,ofi_l1_sum_100,0.0267930957501475,0.007885077894048416,0.021348275217597,0.0399750551145964
10,lightgbm_classifier,rolling_volatility_100,0.025932979903237997,0.006023861581879959,0.0206682257339477,0.0349044428187372
10,lightgbm_classifier,ofi_l1_sum_20,0.02339219363331462,0.0009633864406744639,0.0224832489653244,0.0249659870563322
10,lightgbm_classifier,time_sin,0.02208527745645104,0.009145974246767162,0.0077002411951089,0.0305112278699594
10,lightgbm_classifier,event_intensity_50,0.01892643833862878,0.0048435776088259054,0.0137988058898882,0.024939760979658
10,lightgbm_classifier,ofi_l1_sum_50,0.01811604303858336,0.002869863632748516,0.0152305617955673,0.021411170341249
10,lightgbm_classifier,event_interarrival_us,0.016219163803132642,0.001297914216331323,0.0145611812850079,0.0180821394294448
10,lightgbm_classifier,event_intensity_100,0.0159138382223722,0.004852469027002091,0.0116800570862263,0.022463742675357
10,lightgbm_classifier,depth_imbalance_5,0.015276880757329919,0.00406942734671765,0.0111424626953267,0.0196129143340253
10,lightgbm_classifier,trade_pressure_100,0.01506811023750242,0.0022143583656963808,0.0123460935687211,0.0183363988052507
10,lightgbm_classifier,add_pressure_20,0.0146642727334105,0.0016999061815494874,0.013332872689798,0.0173956457102228
10,lightgbm_classifier,is_hidden_execution,0.012827814048010821,0.002284684323660634,0.0094534505714281,0.0147428242075967
10,lightgbm_classifier,depth_imbalance_10,0.01150648640887482,0.0023682115608112363,0.0081037569048107,0.0142943409949949
10,lightgbm_classifier,session_fraction,0.01001435031393864,0.000688575865005558,0.009090895613887,0.0109440846718798
10,lightgbm_classifier,is_deletion,0.009577286142305061,0.001303934462645362,0.0078511481483562,0.011246011792879
10,lightgbm_classifier,add_pressure_50,0.009336271856205119,0.004234775453041163,0.0047703066550015,0.014343576091244
10,lightgbm_classifier,add_pressure_100,0.00925851928428536,0.002221956901304422,0.0075117519405193,0.0126122660063045
10,lightgbm_classifier,depth_imbalance_1,0.00891654906743014,0.0006939352131801067,0.0081145525170598,0.0094893035526214
10,lightgbm_classifier,cancel_pressure_50,0.00826542376931958,0.0026644096380490367,0.0055530215873156,0.0118639667831178
10,lightgbm_classifier,cancel_pressure_100,0.0082043295841428,0.0031600410724119394,0.0047661696511421,0.0128384253805213
10,lightgbm_classifier,cancel_pressure_20,0.00736549159151764,0.001360692722947183,0.0062837263527344,0.009485204253227
10,lightgbm_classifier,is_submission,0.0026148521672127198,0.0004986035470761082,0.0020101875813146,0.0033270317412196
10,lightgbm_classifier,is_partial_cancel,0.0,0.0,0.0,0.0
10,lightgbm_regressor,rolling_volatility_100,0.0945930103636287,0.06166147839343311,0.0462634857848964,0.197534593207552
10,lightgbm_regressor,trade_pressure_50,0.0945404538805857,0.03455581607471295,0.0474922732318283,0.1412080474791149
10,lightgbm_regressor,trade_pressure_20,0.07258785480067695,0.01517318783882609,0.0546898817525834,0.0948987449926773
10,lightgbm_regressor,is_visible_execution,0.055302836931927425,0.008382591287151894,0.0486291709841509,0.0699051674872809
10,lightgbm_regressor,ofi_l1,0.05263395745661222,0.007656268388086324,0.0430112287224343,0.0604367371943245
10,lightgbm_regressor,queue_imbalance_l1,0.051795428135704924,0.02029821243326617,0.0361904933788038,0.0787702976643551
10,lightgbm_regressor,rolling_volatility_20,0.045672120005362485,0.005891678993352733,0.0396479045585302,0.0524026918902562
10,lightgbm_regressor,spread_bps,0.04361170375610464,0.00790744114634931,0.0350784040391074,0.0537042089615528
10,lightgbm_regressor,microprice_deviation_bps,0.04241232568260982,0.00764507535587681,0.0329057184817992,0.0505402642054641
10,lightgbm_regressor,rolling_volatility_50,0.034186429481524984,0.007490373490927366,0.0277130827494636,0.0432918101454843
10,lightgbm_regressor,seconds_from_open,0.033282472323517845,0.003038880773461054,0.0288525331496545,0.0362406124345541
10,lightgbm_regressor,trade_pressure_100,0.029448291914631296,0.005984147715303188,0.0227162057153321,0.0359197195332869
10,lightgbm_regressor,ofi_l1_sum_20,0.029254595669599242,0.014766756570735189,0.0134239398520547,0.0496852971851105
10,lightgbm_regressor,ofi_l1_sum_100,0.028701557132273504,0.004746416003942103,0.0217440675723068,0.0334014499730624
10,lightgbm_regressor,time_cos,0.0275539832399876,0.015839459093434167,0.0141489000262259,0.0546682157990493
10,lightgbm_regressor,ofi_l1_sum_50,0.02627001064251768,0.004178347160305976,0.0227591863373611,0.0331935335478114
10,lightgbm_regressor,event_intensity_100,0.0214102995894731,0.004356122575454116,0.0166131519606588,0.0267166693059701
10,lightgbm_regressor,event_intensity_50,0.02056053549045064,0.0006658552113780321,0.0198674692486856,0.0215167165750405
10,lightgbm_regressor,event_intensity_20,0.019009229563362078,0.004463029229918875,0.0160557374414994,0.026559844843993
10,lightgbm_regressor,depth_imbalance_5,0.018945181841516102,0.0029705907539838696,0.0137434567493317,0.0210947998238938
10,lightgbm_regressor,depth_imbalance_10,0.018292893158233882,0.00665786201395997,0.0083439093916689,0.0246662809277136
10,lightgbm_regressor,add_pressure_100,0.018092283820662462,0.005299875580922393,0.013005998537666,0.0266761237328598
10,lightgbm_regressor,cancel_pressure_100,0.01791919092256916,0.005724058230542139,0.0104615958895251,0.0239503788783312
10,lightgbm_regressor,time_sin,0.016279385872023662,0.006573830875136584,0.0075111214532395,0.0248577889971582
10,lightgbm_regressor,add_pressure_20,0.013282296341248062,0.004089291169775118,0.0088469212390128,0.017899254133749
10,lightgbm_regressor,add_pressure_50,0.013041298359138101,0.0026324121647584857,0.0097882532351017,0.0167602007552077
10,lightgbm_regressor,cancel_pressure_50,0.01279325662339934,0.0009356096651800689,0.0114663279441529,0.0140648020748123
10,lightgbm_regressor,depth_imbalance_1,0.0116251921106063,0.004492208809060937,0.0072175859009707,0.0191403405666839
10,lightgbm_regressor,cancel_pressure_20,0.009711385891295,0.003661765033027291,0.005222090303705,0.014052801097007
10,lightgbm_regressor,is_hidden_execution,0.00945898484891838,0.002384394056461494,0.0071405013950053,0.0121935033427217
10,lightgbm_regressor,session_fraction,0.00677851297559338,0.0014913450735921606,0.0051580739528674,0.0084604106725654
10,lightgbm_regressor,event_interarrival_us,0.00646300816006386,0.0009615229404229972,0.005119748034682,0.0074488224327822
10,lightgbm_regressor,is_deletion,0.0033513561531626802,0.0006590642295118073,0.0025231389763688,0.0042622893216303
10,lightgbm_regressor,is_submission,0.0011386768610174,0.0005031463776910683,0.0007269487346269,0.001939454144741
10,lightgbm_regressor,is_partial_cancel,0.0,0.0,0.0,0.0
50,lightgbm_classifier,spread_bps,0.08148082595949484,0.004170480251785861,0.0786031264429386,0.0888353442872856
50,lightgbm_classifier,rolling_volatility_50,0.08052179828160103,0.019171852683440956,0.0508094865467254,0.1005984456815075
50,lightgbm_classifier,trade_pressure_50,0.07341588718905728,0.00791441050157629,0.0630928355301306,0.0805077940417207
50,lightgbm_classifier,trade_pressure_20,0.06792020570565172,0.007130784243678455,0.0597078848161822,0.0761634287719222
50,lightgbm_classifier,rolling_volatility_100,0.05511117901821446,0.007442884302324027,0.0460417606153159,0.0625440992501669
50,lightgbm_classifier,seconds_from_open,0.05185199055881236,0.010618449754952295,0.0427819129283105,0.0701910871444099
50,lightgbm_classifier,time_sin,0.04400825764678936,0.017710131822911795,0.0132304486059839,0.0574094584910699
50,lightgbm_classifier,rolling_volatility_20,0.042797689354500255,0.009355924507791899,0.0347356228225642,0.0565016965421268
50,lightgbm_classifier,time_cos,0.0413869534540555,0.006780584343910533,0.0352768006896447,0.0521209729675051
50,lightgbm_classifier,ofi_l1_sum_100,0.0405024950822506,0.001962973066350309,0.0377762809274433,0.0424846177015587
50,lightgbm_classifier,queue_imbalance_l1,0.03614582950929826,0.003301045062848746,0.0314336973374381,0.0400824443852683
50,lightgbm_classifier,event_intensity_50,0.03387019939977936,0.005732645263458194,0.0291549565436802,0.040711786902365
50,lightgbm_classifier,event_intensity_100,0.03234376617261584,0.005385942119453324,0.0257223156005038,0.0393951468259766
50,lightgbm_classifier,event_intensity_20,0.02991552960253514,0.01241225892211603,0.0168809433128893,0.0437185523923686
50,lightgbm_classifier,add_pressure_50,0.029138602485350922,0.024101492965240025,0.0096314300549506,0.0677785314815891
50,lightgbm_classifier,trade_pressure_100,0.028672830494425622,0.0024875009609199284,0.0262724753778824,0.0325989215213889
50,lightgbm_classifier,ofi_l1_sum_50,0.0258673633569364,0.002260028620341826,0.0223303149118927,0.0278617264463394
50,lightgbm_classifier,depth_imbalance_10,0.02564390485174912,0.00454004431142305,0.0210689535997932,0.0311894988044939
50,lightgbm_classifier,microprice_deviation_bps,0.02438458580833758,0.002898159800852551,0.0217412233609036,0.0287403504632858
50,lightgbm_classifier,depth_imbalance_5,0.02348906215903358,0.0043165900406361025,0.0184387871234127,0.029757368812402
50,lightgbm_classifier,cancel_pressure_20,0.02049899970977864,0.004664224816910542,0.0149583299142604,0.025683451211919
50,lightgbm_classifier,add_pressure_100,0.01981656022646254,0.0033552038942151244,0.0166709148790243,0.0251799256753054
50,lightgbm_classifier,ofi_l1_sum_20,0.0184937976543636,0.0012304955598380642,0.0164371690374371,0.0195467290422539
50,lightgbm_classifier,add_pressure_20,0.01821392236210812,0.003180396865062337,0.0140667168730324,0.0223825286748875
50,lightgbm_classifier,cancel_pressure_100,0.01658854269546968,0.0030946319710668723,0.014161982369945,0.0217507747394297
50,lightgbm_classifier,cancel_pressure_50,0.013372999296097402,0.003195618769077508,0.0107309695130978,0.0184840279206377
50,lightgbm_classifier,session_fraction,0.01018379991395844,0.0019777351065167997,0.0088155697146654,0.0136414029889968
50,lightgbm_classifier,depth_imbalance_1,0.00698572077793932,0.0008035161281532551,0.0060146613453719,0.008138138625409
50,lightgbm_classifier,is_visible_execution,0.00437385010644808,0.0015970326495986218,0.0020337671664765,0.0061587780971744
50,lightgbm_classifier,ofi_l1,0.0017291930493749802,0.0002567876680885803,0.001341442089411,0.0019784740234288
50,lightgbm_classifier,event_interarrival_us,0.0009171825065928,0.0003113818270067343,0.0004846627723814,0.0013002830388589
50,lightgbm_classifier,is_hidden_execution,0.00027858171169996537,0.00019759079888095505,4.806387836020996e-05,0.0004973986422396
50,lightgbm_classifier,is_deletion,5.0858890925891614e-05,7.379780648323439e-05,0.0,0.0001616781125507
50,lightgbm_classifier,is_submission,2.7035008289794393e-05,3.972651101845559e-05,0.0,8.797250492338234e-05
50,lightgbm_classifier,is_partial_cancel,0.0,0.0,0.0,0.0
50,lightgbm_regressor,trade_pressure_20,0.1429270880436539,0.024404719242678265,0.1035474056482619,0.169936929745408
50,lightgbm_regressor,trade_pressure_50,0.09846334814900745,0.02135491242919488,0.0653909050418991,0.1232483982787444
50,lightgbm_regressor,rolling_volatility_100,0.0936980356959541,0.035128102995392235,0.0534456013520445,0.1252405670843328
50,lightgbm_regressor,spread_bps,0.07127122179212449,0.010710451333063784,0.0558686440630488,0.0811422743969268
50,lightgbm_regressor,seconds_from_open,0.058108089513119944,0.02025584381738494,0.044634081192189,0.0919990979466453
50,lightgbm_regressor,time_sin,0.05036840313136778,0.01611086530614248,0.0238431309085924,0.0640900681965498
50,lightgbm_regressor,ofi_l1_sum_100,0.040190985568214474,0.006783056649504635,0.0311867236084201,0.0455748160499485
50,lightgbm_regressor,rolling_volatility_50,0.04017367940855044,0.005525862112489052,0.0341064707979906,0.0481320481947319
50,lightgbm_regressor,ofi_l1_sum_50,0.03931397183003838,0.006306697416735231,0.0305294359722216,0.0456812453514668
50,lightgbm_regressor,time_cos,0.03902224137491074,0.008431452998438792,0.0309144700492825,0.0519795155832367
50,lightgbm_regressor,event_intensity_100,0.035436235540566616,0.0057607088559185355,0.0280568958228541,0.0421114839068991
50,lightgbm_regressor,rolling_volatility_20,0.03321284819959172,0.0051830863827847275,0.028136226788108,0.0403458681937964
50,lightgbm_regressor,trade_pressure_100,0.029167889755390964,0.0024789997563342795,0.0252840130420817,0.0320581323167314
50,lightgbm_regressor,event_intensity_50,0.028106606361292964,0.006902694976310607,0.0186137450141677,0.037158582921484
50,lightgbm_regressor,depth_imbalance_10,0.02449106689733232,0.005943244057036286,0.0208618140426518,0.0350205277509723
50,lightgbm_regressor,queue_imbalance_l1,0.022813769846813957,0.004149691348791949,0.0170471481435471,0.0286843126131948
50,lightgbm_regressor,cancel_pressure_100,0.02174043031963542,0.009867014665272079,0.0153732264892955,0.0391778468890086
50,lightgbm_regressor,add_pressure_100,0.02135458736898712,0.001938723267276502,0.0191529651290173,0.0237435760591408
50,lightgbm_regressor,depth_imbalance_5,0.01786282510564426,0.002307562711540754,0.0154363523086804,0.0210644684713204
50,lightgbm_regressor,microprice_deviation_bps,0.01619497525925264,0.0026826836799278414,0.0139921454055253,0.0207145491208993
50,lightgbm_regressor,add_pressure_50,0.01248839969455344,0.0031242042309096957,0.0101171595722143,0.0177650287720316
50,lightgbm_regressor,ofi_l1_sum_20,0.01226473077344602,0.0017446714568019968,0.0098077622334397,0.0137975431782433
50,lightgbm_regressor,is_visible_execution,0.01011670579795584,0.003998859834795315,0.0046355755284438,0.0145948764529342
50,lightgbm_regressor,cancel_pressure_50,0.0091736804816885,0.004280838075771002,0.0034672939353938,0.0138196845306944
50,lightgbm_regressor,session_fraction,0.009009706349887639,0.0027437866982494966,0.007154945762919,0.013759630937287
50,lightgbm_regressor,event_intensity_20,0.008522219741971279,0.002977403357699697,0.0070475903439456,0.0138403853904207
50,lightgbm_regressor,depth_imbalance_1,0.00441700210468356,0.0010241977381517655,0.0033822276471731,0.0060600841086326
50,lightgbm_regressor,add_pressure_20,0.0036981835276865003,0.001168745105173011,0.0025550415703677,0.0054044767930194
50,lightgbm_regressor,cancel_pressure_20,0.00325873466936306,0.0009219805141500853,0.0018696513622535,0.0043996150737124
50,lightgbm_regressor,ofi_l1,0.00173403617701912,0.0007479492027297644,0.0009837734090669,0.0027750204423783
50,lightgbm_regressor,is_hidden_execution,0.00089080591283728,0.0003590163194587658,0.0003266396885783,0.0011951466401093
50,lightgbm_regressor,is_deletion,0.00048960678017546,0.0004344369652007593,0.0,0.0011473013893221
50,lightgbm_regressor,event_interarrival_us,1.788882728107725e-05,4.0000633838241465e-05,0.0,8.944413640538625e-05
50,lightgbm_regressor,is_partial_cancel,0.0,0.0,0.0,0.0
50,lightgbm_regressor,is_submission,0.0,0.0,0.0,0.0
100,lightgbm_classifier,rolling_volatility_50,0.09180794505367858,0.0336171533686565,0.0494406560205222,0.1307112375026583
100,lightgbm_classifier,spread_bps,0.0749103921001961,0.005024480542309873,0.0696511601071013,0.0809315878535931
100,lightgbm_classifier,rolling_volatility_100,0.06706028297837342,0.011361151927426257,0.0472843350509747,0.0753235530519497
100,lightgbm_classifier,seconds_from_open,0.06622341959071484,0.005827115930376989,0.060827149108943,0.0757610797047084
100,lightgbm_classifier,time_sin,0.05524233598554196,0.02213131151238824,0.0172421894412835,0.0752119038478371
100,lightgbm_classifier,time_cos,0.05146962721999314,0.013639167921088064,0.0328025335243476,0.0692738202106682
100,lightgbm_classifier,trade_pressure_50,0.0463760175464461,0.009274795030464127,0.0298153723803335,0.0512837536393729
100,lightgbm_classifier,add_pressure_50,0.044803969755848896,0.03756073812729705,0.0168400535733513,0.0928381886083684
100,lightgbm_classifier,trade_pressure_20,0.03867239125676248,0.008166969828820815,0.0267904696283514,0.0482488434769799
100,lightgbm_classifier,ofi_l1_sum_100,0.0368328777556364,0.00636855119770918,0.0316325936299877,0.0475954021789293
100,lightgbm_classifier,queue_imbalance_l1,0.036031949002500265,0.0034525359518051044,0.0317236087862589,0.040776800777788
100,lightgbm_classifier,event_intensity_100,0.03593840903073206,0.0036483160268271815,0.0332038729371048,0.0422759534863265
100,lightgbm_classifier,microprice_deviation_bps,0.03313067376090554,0.004174737547729038,0.0287500402826708,0.0375947271065197
100,lightgbm_classifier,ofi_l1_sum_50,0.03139615216395336,0.0017836036184529138,0.0285656184506137,0.0333629084805545
100,lightgbm_classifier,depth_imbalance_10,0.03013064186579162,0.005116983010543477,0.0242768651523047,0.0365618329336926
100,lightgbm_classifier,event_intensity_50,0.029797352636044883,0.00425510084695389,0.0253467615099286,0.0366539563921538
100,lightgbm_classifier,trade_pressure_100,0.02874828574435586,0.0053371217781788575,0.0215174387348897,0.0339508242919153
100,lightgbm_classifier,rolling_volatility_20,0.028089935660734644,0.0029842120282222414,0.0244462307741518,0.0326278291750062
100,lightgbm_classifier,cancel_pressure_100,0.02550261064831586,0.0031191865951236348,0.021525552046315,0.0293321491114355
100,lightgbm_classifier,event_intensity_20,0.02389957186248216,0.005152802345822711,0.0179655695473445,0.0311203255086413
100,lightgbm_classifier,depth_imbalance_5,0.02294753330558768,0.00507750382915113,0.0171900015864962,0.0299904999332251
100,lightgbm_classifier,add_pressure_100,0.021263750913486902,0.0019473673392626878,0.0194516426481338,0.0239689362018993
100,lightgbm_classifier,add_pressure_20,0.016806286452410397,0.007794546405550409,0.0097919629825261,0.0289363373079794
100,lightgbm_classifier,cancel_pressure_50,0.01502540165575598,0.0022177157950199703,0.0113073649217621,0.0171879989365008
100,lightgbm_classifier,cancel_pressure_20,0.013931675018741641,0.001956228074838557,0.0115667567468841,0.0160992011284888
100,lightgbm_classifier,ofi_l1_sum_20,0.01385928143935806,0.0020254771208200783,0.0117424491163862,0.0172117935917595
100,lightgbm_classifier,session_fraction,0.0108284287154081,0.0025882596762314266,0.00839928011912,0.0151292118053523
100,lightgbm_classifier,depth_imbalance_1,0.00675843475145532,0.00108779633132516,0.0057068515425404,0.0080771359568144
100,lightgbm_classifier,event_interarrival_us,0.00163802721878872,0.0007212784971260316,0.0007143306779384,0.0024247006381617
100,lightgbm_classifier,is_visible_execution,0.0006471771586475,0.0006400536052580105,0.0,0.0014570095703542
100,lightgbm_classifier,ofi_l1,0.0002144086323604623,0.0001581353080054352,5.2133980648711456e-05,0.000430885317168
100,lightgbm_classifier,is_deletion,1.475311898969158e-05,2.031854159934663e-05,0.0,3.996205318523533e-05
100,lightgbm_classifier,is_hidden_execution,0.0,0.0,0.0,0.0
100,lightgbm_classifier,is_partial_cancel,0.0,0.0,0.0,0.0
100,lightgbm_classifier,is_submission,0.0,0.0,0.0,0.0
100,lightgbm_regressor,seconds_from_open,0.09879503900601369,0.027683737218064653,0.0686628092970783,0.1316738365286524
100,lightgbm_regressor,time_sin,0.09747963608780737,0.03156056632817632,0.0505838080175676,0.1352137425942585
100,lightgbm_regressor,trade_pressure_20,0.09362897749354215,0.01850383481156934,0.0759020708208585,0.1143542666178159
100,lightgbm_regressor,trade_pressure_50,0.0763828885977933,0.016790177543654673,0.0517456316061087,0.0924691269089043
100,lightgbm_regressor,rolling_volatility_100,0.06703784953898412,0.017366835349322735,0.0455364219909585,0.0863512695675604
100,lightgbm_regressor,time_cos,0.0662201702850651,0.01296392174517855,0.0471906014373221,0.0820620196835062
100,lightgbm_regressor,spread_bps,0.06621835233968085,0.013347483933310757,0.0519399606821077,0.0803885907578765
100,lightgbm_regressor,event_intensity_100,0.05142039268813856,0.010858142477340165,0.0397450827105273,0.0647921098682057
100,lightgbm_regressor,ofi_l1_sum_100,0.04016464092730026,0.0032195778491370948,0.0344872830036522,0.0422776414149788
100,lightgbm_regressor,ofi_l1_sum_50,0.03699103801355986,0.004153264221087835,0.0329582755176411,0.0438063585854949
100,lightgbm_regressor,rolling_volatility_50,0.0329181890783141,0.006122214911903633,0.0264385668201352,0.0409432374974193
100,lightgbm_regressor,trade_pressure_100,0.03264627469318952,0.0035718034823784156,0.0274582365860593,0.0359290546069581
100,lightgbm_regressor,depth_imbalance_10,0.02675345053881844,0.0033247722497859703,0.0222532398731131,0.0307369292200077
100,lightgbm_regressor,event_intensity_50,0.02596572617248464,0.004653608969275309,0.0203942685132748,0.0320962190725833
100,lightgbm_regressor,add_pressure_100,0.025116530756529597,0.0027179093174072243,0.0209470210206789,0.0282486179104998
100,lightgbm_regressor,rolling_volatility_20,0.025003458415179425,0.005188571481067113,0.019104558057106,0.0313169725584888
100,lightgbm_regressor,cancel_pressure_100,0.02476142321739242,0.005126760035383671,0.0189657489125682,0.0295360939890717
100,lightgbm_regressor,depth_imbalance_5,0.022456044906030058,0.0022342888883445508,0.0193074202211335,0.0249033105624833
100,lightgbm_regressor,session_fraction,0.015650072735425062,0.005885263000185577,0.009352681937369,0.0226043845786238
100,lightgbm_regressor,queue_imbalance_l1,0.014836864349915099,0.002355785072567464,0.0110838022921392,0.0166572810575553
100,lightgbm_regressor,ofi_l1_sum_20,0.01246512877534616,0.0031415362043438243,0.0085196382604368,0.0159743094758166
100,lightgbm_regressor,microprice_deviation_bps,0.00993532294869782,0.0015785754308283895,0.0082342733960458,0.0119539421431065
100,lightgbm_regressor,cancel_pressure_50,0.00910370389845378,0.002291823581034512,0.0064029126642166,0.012378009940661
100,lightgbm_regressor,add_pressure_50,0.0091035601205155,0.0030482423133944567,0.0045781326104639,0.0131597032714936
100,lightgbm_regressor,event_intensity_20,0.007709262550922501,0.0020189488445108293,0.004502935287984,0.0094698247488505
100,lightgbm_regressor,is_visible_execution,0.00395531287412082,0.0024127644068033813,0.0005387102002432,0.0065237111298293
100,lightgbm_regressor,depth_imbalance_1,0.0030170349793341,0.0009312518071365577,0.0022961287378261,0.0043836199811639
100,lightgbm_regressor,cancel_pressure_20,0.00288453216733068,0.001593825937432259,0.0014943690042337,0.0051695352263095
100,lightgbm_regressor,add_pressure_20,0.0009549308065965,0.0003834175522808258,0.0005722575067544,0.0014052132847464
100,lightgbm_regressor,ofi_l1,0.0004241910375171401,0.0004051792342800552,0.0,0.0010877147030414
100,lightgbm_regressor,event_interarrival_us,0.0,0.0,0.0,0.0
100,lightgbm_regressor,is_deletion,0.0,0.0,0.0,0.0
100,lightgbm_regressor,is_hidden_execution,0.0,0.0,0.0,0.0
100,lightgbm_regressor,is_partial_cancel,0.0,0.0,0.0,0.0
100,lightgbm_regressor,is_submission,0.0,0.0,0.0,0.0
