horizon,spread_regime,confidence_threshold,sampled_observations_mean,sampled_observations_std,sampled_observations_min,sampled_observations_max,active_signal_fraction_mean,active_signal_fraction_std,active_signal_fraction_min,active_signal_fraction_max,mean_gross_return_active_bps_mean,mean_gross_return_active_bps_std,mean_gross_return_active_bps_min,mean_gross_return_active_bps_max,mean_full_estimated_cost_active_bps_mean,mean_full_estimated_cost_active_bps_std,mean_full_estimated_cost_active_bps_min,mean_full_estimated_cost_active_bps_max,mean_applied_cost_active_bps_mean,mean_applied_cost_active_bps_std,mean_applied_cost_active_bps_min,mean_applied_cost_active_bps_max,mean_net_return_active_bps_mean,mean_net_return_active_bps_std,mean_net_return_active_bps_min,mean_net_return_active_bps_max,active_hit_rate_mean,active_hit_rate_std,active_hit_rate_min,active_hit_rate_max,break_even_cost_fraction_mean,break_even_cost_fraction_std,break_even_cost_fraction_min,break_even_cost_fraction_max,positive_net_fold,positive_gross_fold
10,one_tick,0.05,14.2,8.64291617453276,4,25,0.8235555555555555,0.12063208016706051,0.6666666666666666,1.0,0.040396270045051606,0.23772713202102067,-0.1679306839323195,0.4171590356394361,0.6210614228489093,0.29544966300634334,0.3845296811704147,1.127429878716945,0.6210614228489093,0.29544966300634334,0.3845296811704147,1.127429878716945,-0.5806651528038578,0.19952423353937004,-0.7618762355413269,-0.2564592501845765,0.37190476190476185,0.2013587630919571,0.2142857142857142,0.7142857142857143,0.01196809789059794,0.314461853810913,-0.2827375059504912,0.370008852447815,0,2
10,one_tick,0.1,14.2,8.64291617453276,4,25,0.6460634920634921,0.19928634326324798,0.52,1.0,0.06071146949012356,0.25549200331152916,-0.2778647143286683,0.4295146538799699,0.6111648514424025,0.312073253141449,0.3223283239237511,1.115727505257296,0.6111648514424025,0.312073253141449,0.3223283239237511,1.115727505257296,-0.550453381952279,0.2715706768901498,-0.8865516850037329,-0.2564592501845765,0.39186813186813185,0.24193219266381216,0.2307692307692307,0.8,0.07073596629836951,0.33738807602997234,-0.4564985414760927,0.3849637584948847,0,3
10,one_tick,0.2,14.2,8.64291617453276,4,25,0.4258412698412698,0.3502610047935139,0.1111111111111111,1.0,-0.0209502510951029,0.21745449340640838,-0.2703822667436485,0.2572876733475393,0.49420582539999086,0.12703653682791932,0.3845296811704147,0.6881348754129927,0.49420582539999086,0.12703653682791932,0.3845296811704147,0.6881348754129927,-0.5151560764950938,0.33094328854411353,-0.9585171421566412,-0.1715339420513619,0.41380952380952374,0.3313050536118531,0.2,1.0,0.024854822626676664,0.430147686430067,-0.3929204526676188,0.5999876501286053,0,2
10,one_tick,0.3,14.2,8.64291617453276,4,25,0.18193650793650792,0.10478862093207233,0.0952380952380952,0.3333333333333333,-0.14441195531465315,0.26576906774039033,-0.4499402868426982,0.2572876733475393,0.47046906744994416,0.13984416359915244,0.2565600992071744,0.6213567968841871,0.47046906744994416,0.13984416359915244,0.2565600992071744,0.6213567968841871,-0.6148810227645973,0.367057467308032,-1.0712970837268854,-0.1715339420513619,0.26666666666666666,0.4346134936801766,0.0,1.0,-0.2580088544000122,0.5096618321549007,-0.7241254768579627,0.5999876501286053,0,1
10,one_tick,0.4,14.2,8.64291617453276,4,25,0.0357142857142857,0.04908459078116261,0.0,0.0952380952380952,-0.060093574279718176,0.1343733171003828,-0.3004678713985909,0.0,0.145865574268855,0.24207265599275113,0.0,0.5580817993012086,0.145865574268855,0.24207265599275113,0.0,0.5580817993012086,-0.20595914854857317,0.3722690223127111,-0.8585496706997995,0.0,0.0,0.0,0.0,0.0,-0.10767879252640597,0.24077709982414008,-0.5383939626320299,0.0,0,0
10,one_tick,0.5,14.2,8.64291617453276,4,25,0.02619047619047618,0.03802076053016978,0.0,0.0833333333333333,0.0,0.0,0.0,0.0,0.06860609652153023,0.09394295942697528,0.0,0.1717844105645847,0.06860609652153023,0.09394295942697528,0.0,0.1717844105645847,-0.06860609652153023,0.09394295942697528,-0.1717844105645847,0.0,0.0,0.0,0.0,0.0,0.0,0.0,0.0,0.0,0,0
10,three_plus_ticks,0.05,3961.8,15.221695043588296,3941,3973,0.6841302839802152,0.10583483798995107,0.5840886203423967,0.8525044047319406,0.06915116320339601,0.025582676389462374,0.0234667570973358,0.0823190560946591,2.5476045154472353,0.293449040247882,2.1491879220728465,2.951678264471254,2.5476045154472353,0.293449040247882,2.1491879220728465,2.951678264471254,-2.4784533522438394,0.31351842752556713,-2.928211507373918,-2.069664302145743,0.39583680471834065,0.012126936294821063,0.3752583407144966,0.4067137809187279,0.0280968113006334,0.011572562234081225,0.007950309957491,0.0370017061376395,0,5
10,three_plus_ticks,0.1,3961.8,15.221695043588296,3941,3973,0.4139434508707535,0.1510054976419819,0.2570493454179254,0.6508935313365215,0.08763145405354278,0.027552478415344344,0.0396605691583146,0.1051405111899824,2.463861398332454,0.2993051009375822,2.1026663775744887,2.906529620536375,2.463861398332454,0.2993051009375822,2.1026663775744887,2.906529620536375,-2.3762299442789114,0.31983493236662947,-2.866869051378061,-2.013035347152077,0.42251442011112844,0.017088557224205134,0.3944315545243619,0.4378060724779627,0.036671813791619524,0.013097082165366451,0.0136453345866799,0.0455240361486876,0,5
10,three_plus_ticks,0.2,3961.8,15.221695043588296,3941,3973,0.1277695408785941,0.06556091026476488,0.0546324269889224,0.228794361943116,0.11055490816176258,0.034273674852192224,0.0715307695149534,0.1408960021316269,2.2795772218752877,0.26979886330859837,1.931561193936021,2.665659791271048,2.2795772218752877,0.26979886330859837,1.931561193936021,2.665659791271048,-2.1690223137135254,0.29026237540697103,-2.5941290217560957,-1.8022809708805088,0.45888227456265895,0.01714083739572793,0.4345434543454345,0.4726962457337884,0.049803096549824,0.018422722200277446,0.0268341705678975,0.0669304309184597,0,5
10,three_plus_ticks,0.3,3961.8,15.221695043588296,3941,3973,0.039176941037397536,0.014528723594758375,0.0183786505538771,0.0586458595519758,0.11713442481735584,0.030459417337801047,0.0975150792109559,0.1700087615968734,2.174102566501401,0.2257846498579185,1.826447059404444,2.390625409128359,2.174102566501401,0.2257846498579185,1.826447059404444,2.390625409128359,-2.0569681416840444,0.2506465169302413,-2.291994854926772,-1.6564382978075702,0.48010443512744566,0.0348678000805745,0.432258064516129,0.5202312138728323,0.055434138740188564,0.02128769203368229,0.0412572182262334,0.093081680479865,0,5
10,three_plus_ticks,0.4,3961.8,15.221695043588296,3941,3973,0.014293992773320418,0.003819099933768431,0.0080563947633434,0.018523217457498,0.12794597554683657,0.0437789957704161,0.0816229286253467,0.20025264481063,2.108224875962996,0.2206724103461032,1.875550758086052,2.37087533443706,2.108224875962996,0.2206724103461032,1.875550758086052,2.37087533443706,-1.9802789004161592,0.2534404217737159,-2.254181802575345,-1.6752981132754214,0.5140672728704141,0.06529308608485948,0.4482758620689655,0.59375,0.06250320003903007,0.027046140588719236,0.035878863078176,0.106770048183064,0,5
10,three_plus_ticks,0.5,3961.8,15.221695043588296,3941,3973,0.00696932272225656,0.0018100844476988383,0.0040281973816717,0.0086075949367088,0.15702844740718305,0.07627155545893596,0.0775851785343034,0.2608708716654122,2.161304287830386,0.2137128899678991,1.872084031934459,2.435632776097188,2.161304287830386,0.2137128899678991,1.872084031934459,2.435632776097188,-2.0042758404232033,0.28158157814256835,-2.3497222547967773,-1.6112131602690467,0.5549189291101055,0.11556908980259553,0.40625,0.6875,0.07572447460202382,0.04337629800981421,0.0347896861270098,0.1393478429469052,0,5
10,two_ticks,0.05,27.0,7.615773105863909,18,37,0.8168577668577669,0.10317421306291037,0.75,1.0,0.031652455538308574,0.2733150032283852,-0.3492925799857588,0.3179137805904156,0.8174983567631176,0.1947792914466565,0.5723832388482987,1.028773538449094,0.8174983567631176,0.1947792914466565,0.5723832388482987,1.028773538449094,-0.785845901224809,0.43475602495265436,-1.335098370790064,-0.3628198279154376,0.5538370520622042,0.12038330811928385,0.4137931034482758,0.7083333333333334,0.08517604626795626,0.3281911990476692,-0.3543218991448367,0.4670164314175801,0,3
10,two_ticks,0.1,27.0,7.615773105863909,18,37,0.584467071967072,0.13919571180703638,0.4545454545454545,0.8076923076923077,0.005105453715307818,0.3593256488796393,-0.4911615717558119,0.3577077234076828,0.7869830194728218,0.18654913998223244,0.5685445447745595,1.0364571334728894,0.7869830194728218,0.18654913998223244,0.5685445447745595,1.0364571334728894,-0.781877565757514,0.5221228796087433,-1.5276187052287014,-0.40140883219136,0.5623376623376624,0.1535530848835385,0.4545454545454545,0.8333333333333334,0.07290693587112132,0.41970756713381874,-0.4738850801383956,0.4543315300435215,0,3
10,two_ticks,0.2,27.0,7.615773105863909,18,37,0.3631300006300006,0.166217183148694,0.2432432432432432,0.6538461538461539,-0.0731366975226658,0.32095949750772823,-0.4996842509441546,0.2483521597503498,0.7209245471867368,0.21405870499997365,0.514322864163054,0.9751921154915524,0.7209245471867368,0.21405870499997365,0.514322864163054,0.9751921154915524,-0.7940612447094025,0.5229068658423985,-1.4276601384744547,-0.3425814910835391,0.5436601307189542,0.16748000952501582,0.3333333333333333,0.8,-0.014673883368183992,0.40916451315251096,-0.5384668477475274,0.4061887642211055,0,3
10,two_ticks,0.3,27.0,7.615773105863909,18,37,0.17304936054936051,0.10784400925706217,0.0625,0.3461538461538461,-0.20740828788445237,0.31663498135458495,-0.6011527701382802,0.2149960605241085,0.7192982396006998,0.24684834680092904,0.3852336667689258,1.0314075008798222,0.7192982396006998,0.24684834680092904,0.3852336667689258,1.0314075008798222,-0.9267065274851524,0.5380185822438359,-1.6325602710181026,-0.3870646097732791,0.4222222222222222,0.250308451690418,0.0,0.6666666666666666,-0.21785317100423898,0.3687713691207345,-0.5828470023976735,0.3571003241548918,0,1
10,two_ticks,0.4,27.0,7.615773105863909,18,37,0.08705847455847451,0.054979360573609214,0.027027027027027,0.1538461538461538,-0.10310333910995562,0.280873781616012,-0.6011527701382802,0.0855988495518378,0.4889281175986794,0.31262455085810914,0.2567972813767285,1.0314075008798222,0.4889281175986794,0.31262455085810914,0.2567972813767285,1.0314075008798222,-0.5920314567086351,0.5912834393046219,-1.6325602710181026,-0.1711984318248907,0.4,0.4183300132670378,0.0,1.0,-0.049887076285516675,0.33105041520332285,-0.5828470023976735,0.3333323822313446,0,2
10,two_ticks,0.5,27.0,7.615773105863909,18,37,0.03469833469833468,0.03892772340740957,0.0,0.0909090909090909,0.01711976991036756,0.03828096927873735,0.0,0.0855988495518378,0.18868995618963486,0.1758356296607656,0.0,0.3441926101863022,0.18868995618963486,0.1758356296607656,0.0,0.3441926101863022,-0.1715701862792673,0.17166434378193826,-0.3441926101863022,0.0,0.2,0.447213595499958,0.0,1.0,0.06666647644626891,0.1490707731542459,0.0,0.3333323822313446,0,1
50,one_tick,0.05,3.8,2.6832815729997477,1,8,0.9,0.13693063937629155,0.75,1.0,0.11787318739866123,0.5074465031268044,-0.6444154655027567,0.6220338234472211,1.085775991844633,0.39022239699985023,0.5127942158680558,1.4796644400222714,1.085775991844633,0.39022239699985023,0.5127942158680558,1.4796644400222714,-0.9679028044459719,0.7415364192399951,-2.0632752401753303,-2.1912409913671382e-05,0.55,0.38908725099762503,0.0,1.0,0.21468229654637017,0.5450081129483884,-0.4541784022677412,0.9999572686094428,0,3
50,one_tick,0.1,3.8,2.6832815729997477,1,8,0.775,0.22360679774997896,0.5,1.0,0.27376272296178633,0.5884814318400085,-0.6444154655027567,0.8994735490103212,1.1065797950409428,0.4237562522571906,0.5127942158680558,1.6015098307459397,1.1065797950409428,0.4237562522571906,0.5127942158680558,1.6015098307459397,-0.8328170720791567,0.8425667855655322,-2.0632752401753303,-2.1912409913671382e-05,0.6133333333333333,0.4253103442063088,0.0,1.0,0.37305610428866604,0.6031088370393723,-0.4541784022677412,0.9999572686094428,0,4
50,one_tick,0.2,3.8,2.6832815729997477,1,8,0.475,0.33541019662496846,0.125,1.0,0.2644013184617267,1.298160708544623,-1.0320716257705698,1.972538828998172,1.0381449277463015,0.34743778749491755,0.5127942158680558,1.4582342076656272,1.0381449277463015,0.34743778749491755,0.5127942158680558,1.4582342076656272,-0.773743609284575,1.277508709073662,-2.236039807461891,0.5143046213325444,0.6,0.5477225575051661,0.0,1.0,0.28175163268078934,1.1181927928581599,-0.9999055177616396,1.352689999061162,1,3
50,one_tick,0.3,3.8,2.6832815729997477,1,8,0.3,0.4107919181288746,0.0,1.0,0.6511414745846712,0.8104673242647572,0.0,1.972538828998172,0.6510228977184245,0.6926629533804175,0.0,1.4582342076656272,0.6510228977184245,0.6926629533804175,0.0,1.4582342076656272,0.00011857686624656693,0.363450962851435,-0.5136898245913979,0.5143046213325444,0.6,0.5477225575051661,0.0,1.0,0.5905208250520387,0.601260920789181,0.0,1.352689999061162,1,3
50,one_tick,0.4,3.8,2.6832815729997477,1,8,0.25,0.4330127018922193,0.0,1.0,0.49706222649126286,0.8541795159796609,0.0,1.972538828998172,0.3942056847067366,0.6349043831472576,0.0,1.4582342076656272,0.3942056847067366,0.6349043831472576,0.0,1.4582342076656272,0.10285654178452615,0.23000646896598675,-2.1912409913671382e-05,0.5143046213325444,0.4,0.5477225575051661,0.0,1.0,0.470529453534121,0.6562573693661183,0.0,1.352689999061162,1,2
50,one_tick,0.5,3.8,2.6832815729997477,1,8,0.05,0.1118033988749895,0.0,0.25,0.3945077657996344,0.8821461819795492,0.0,1.972538828998172,0.2916468415331254,0.6521421630911775,0.0,1.4582342076656272,0.2916468415331254,0.6521421630911775,0.0,1.4582342076656272,0.10286092426650888,0.23000401888837155,0.0,0.5143046213325444,0.2,0.447213595499958,0.0,1.0,0.2705379998122324,0.604941358076977,0.0,1.352689999061162,1,1
50,three_plus_ticks,0.05,791.8,5.019960159204441,783,795,0.7192214388733048,0.09429837074682294,0.6595208070617906,0.8855345911949686,0.15401699621470338,0.07509379015040564,0.0339465868819095,0.2233597192378556,2.6142410579438073,0.2749736266178526,2.205422685125539,2.9251494738014543,2.6142410579438073,0.2749736266178526,2.205422685125539,2.9251494738014543,-2.4602240617291042,0.3406955208250113,-2.891202886919545,-1.9820629658876832,0.555571364924679,0.04899067608615909,0.4900568181818182,0.6123595505617978,0.06155547610885594,0.033968685733720944,0.0116050776843869,0.1012775105399541,0,5
50,three_plus_ticks,0.1,791.8,5.019960159204441,783,795,0.4758477651522437,0.15240211295288633,0.3720050441361917,0.7433962264150943,0.2162004914490076,0.09204121269547007,0.07049509553764,0.3194793121389659,2.5891507829880753,0.3133161957376341,2.136769989716246,2.869156685116886,2.5891507829880753,0.3133161957376341,2.136769989716246,2.869156685116886,-2.372950291539068,0.37870493051052373,-2.798661589579246,-1.8172906775772804,0.594979854952653,0.0578534563294409,0.505922165820643,0.6677215189873418,0.08695055134550125,0.044237167938871,0.024569970647932,0.1495150688546461,0,5
50,three_plus_ticks,0.2,791.8,5.019960159204441,783,795,0.1959700902256658,0.15303161390430106,0.1008827238335435,0.4679245283018868,0.3130992195840998,0.12768574869403365,0.0854159344404201,0.3799653094043833,2.4597576529959566,0.37125378444446805,1.9403755980242112,2.767880650152672,2.4597576529959566,0.37125378444446805,1.9403755980242112,2.767880650152672,-2.1466584334118566,0.45056629978756757,-2.682464715712252,-1.5604102886198274,0.6422845472499851,0.06060859707546826,0.5349462365591398,0.6836734693877551,0.13326484320739324,0.0628921470235622,0.0308596884174571,0.195820494646131,0,5
50,three_plus_ticks,0.3,791.8,5.019960159204441,783,795,0.08674078382964116,0.07416567656643394,0.0416141235813367,0.2176100628930817,0.3430393590593769,0.10659582698093387,0.1867035689299783,0.4858834346981866,2.33371519141502,0.2925573854141884,1.891979600335829,2.664335806366245,2.33371519141502,0.2925573854141884,1.891979600335829,2.664335806366245,-1.990675832355643,0.38989360007265816,-2.477632237436266,-1.406096165637642,0.6339655985893862,0.08743164003433931,0.5375722543352601,0.775,0.1533633550689328,0.06667796203895347,0.070075089064923,0.2568121953386504,0,5
50,three_plus_ticks,0.4,791.8,5.019960159204441,783,795,0.03959109666630168,0.03690835044329412,0.0163934426229508,0.1044025157232704,0.3362968477138869,0.10660835243868291,0.2438573958319666,0.52030466572206,2.1584673935444267,0.23976896136375297,1.810229072566212,2.47381430385722,2.1584673935444267,0.23976896136375297,1.810229072566212,2.47381430385722,-1.8221705458305402,0.32536791800553705,-2.171067935486869,-1.2899244068441522,0.6357932830221987,0.10325667537017078,0.5384615384615384,0.8,0.16105594492152456,0.07168791908801496,0.1130828414242802,0.2874247649688153,0,5
50,three_plus_ticks,0.5,791.8,5.019960159204441,783,795,0.01789877554289806,0.014324757247531497,0.0089399744572158,0.0427672955974842,0.323143773781381,0.09243371178818158,0.2035904314329206,0.4486227167708031,2.042289963945185,0.15025363355101146,1.8426449800956128,2.257262314420192,2.042289963945185,0.15025363355101146,1.8426449800956128,2.257262314420192,-1.7191461901638039,0.2018053932280831,-1.940626150906518,-1.4739582449667352,0.7079831932773109,0.10697537989895861,0.625,0.8571428571428571,0.1598691164658434,0.051024709312529934,0.0974260958543293,0.2234360748854385,0,5
50,two_ticks,0.05,4.4,2.6076809620810595,3,9,0.7777777777777778,0.28327886186626583,0.3333333333333333,1.0,-0.10797879961564157,0.4318477950876968,-0.8116702669919151,0.3009038395304642,1.2837235072679418,0.5736972162017393,0.7706484569741798,1.9692609166597608,1.2837235072679418,0.5736972162017393,0.7706484569741798,1.9692609166597608,-1.3917023068835834,0.8784706319838366,-2.6488591561757966,-0.5377066492290917,0.5416666666666666,0.2946278254943948,0.25,1.0,-0.025627630524751876,0.3061562275966993,-0.4418001174351083,0.3588123968918525,0,3
50,two_ticks,0.1,4.4,2.6076809620810595,3,9,0.7555555555555555,0.27666443551086073,0.3333333333333333,1.0,-0.11905646817353532,0.41926414816515667,-0.8116702669919151,0.2455154967409953,1.2830888005998236,0.5743142002795,0.7706484569741798,1.9692609166597608,1.2830888005998236,0.5743142002795,0.7706484569741798,1.9692609166597608,-1.4021452687733587,0.866002493215775,-2.6488591561757966,-0.5899214586779694,0.530952380952381,0.2918002609495911,0.25,1.0,-0.03861476003417356,0.2865188166579147,-0.4418001174351083,0.2938767493447441,0,3
50,two_ticks,0.2,4.4,2.6076809620810595,3,9,0.3277777777777778,0.27244888522753835,0.0,0.75,0.12148960199568717,0.9728238369324372,-1.1962144156500247,1.5464980411028506,1.1481179879788037,0.7734871354366892,0.0,1.9692609166597608,1.1481179879788037,0.7734871354366892,0.0,1.9692609166597608,-1.0266283859831167,1.436446075115472,-2.9048581583392177,0.6872261504414773,0.5,0.5,0.0,1.0,0.2571416110209053,0.924788348553063,-0.7000958630307168,1.7997772973959685,1,3
50,two_ticks,0.3,4.4,2.6076809620810595,3,9,0.18888888888888888,0.2208289657150199,0.0,0.5,-0.32513070818351864,0.5712478775655423,-1.2812467658540605,0.0856193705267571,1.0276436994482254,0.9736884157622638,0.0,1.9692609166597608,1.0276436994482254,0.9736884157622638,0.0,1.9692609166597608,-1.3527744076317438,1.3549360219653581,-3.160173987445529,0.0,0.2,0.447213595499958,0.0,1.0,-0.19435423695001913,0.31190305134844903,-0.6819033494915425,0.043477920981636,0,1
50,two_ticks,0.4,4.4,2.6076809620810595,3,9,0.11666666666666665,0.16244657241348273,0.0,0.3333333333333333,-0.22205744241698971,0.5456591638283766,-1.1959065826117057,0.0856193705267571,0.7013383326539795,0.9724073958810324,0.0,1.9692609166597608,0.7013383326539795,0.9724073958810324,0.0,1.9692609166597608,-0.9233957750709691,1.2996095223702144,-2.733337329221843,0.0,0.2,0.447213595499958,0.0,1.0,-0.1468765071318247,0.3532328119958676,-0.7778604566407596,0.043477920981636,0,1
50,two_ticks,0.5,4.4,2.6076809620810595,3,9,0.11666666666666665,0.16244657241348273,0.0,0.3333333333333333,-0.22205744241698971,0.5456591638283766,-1.1959065826117057,0.0856193705267571,0.7013383326539795,0.9724073958810324,0.0,1.9692609166597608,0.7013383326539795,0.9724073958810324,0.0,1.9692609166597608,-0.9233957750709691,1.2996095223702144,-2.733337329221843,0.0,0.2,0.447213595499958,0.0,1.0,-0.1468765071318247,0.3532328119958676,-0.7778604566407596,0.043477920981636,0,1
100,one_tick,0.05,2.75,2.217355782608345,1,6,0.5833333333333334,0.44095855184409843,0.0,1.0,0.17789469311563233,1.8281317613747194,-1.9725726635733127,2.495203186976269,0.9061186307379671,0.8310795254624543,0.0,1.97294492371804,0.9061186307379671,0.8310795254624543,0.0,1.97294492371804,-0.7282239376223347,2.433776008843564,-3.945517587291353,1.8930415449991576,0.35,0.47258156262526085,0.0,1.0,0.8309977361630296,2.2686576354661305,-0.9998113175181672,4.143743163021188,1,2
100,one_tick,0.1,2.75,2.217355782608345,1,6,0.5,0.408248290463863,0.0,1.0,0.34556218524819027,1.8599616879469587,-1.9725726635733127,2.495203186976269,0.8158283414901543,0.8299468625381349,0.0,1.97294492371804,0.8158283414901543,0.8299468625381349,0.0,1.97294492371804,-0.4702661562419641,2.46951386348818,-3.945517587291353,1.8930415449991576,0.41666666666666663,0.5,0.0,1.0,1.0982503704082656,2.2290348825756197,-0.9998113175181672,4.143743163021188,2,2
100,one_tick,0.2,2.75,2.217355782608345,1,6,0.125,0.25,0.0,0.5,-0.4931431658933282,0.9862863317866564,-1.9725726635733127,0.0,0.49323623092951,0.98647246185902,0.0,1.97294492371804,0.49323623092951,0.98647246185902,0.0,1.97294492371804,-0.9863793968228383,1.9727587936456765,-3.945517587291353,0.0,0.0,0.0,0.0,0.0,-0.2499528293795418,0.4999056587590836,-0.9998113175181672,0.0,0,0
100,one_tick,0.3,2.75,2.217355782608345,1,6,0.0,0.0,0.0,0.0,0.0,0.0,0.0,0.0,0.0,0.0,0.0,0.0,0.0,0.0,0.0,0.0,0.0,0.0,0.0,0.0,0.0,0.0,0.0,0.0,0.0,0.0,0.0,0.0,0,0
100,one_tick,0.4,2.75,2.217355782608345,1,6,0.0,0.0,0.0,0.0,0.0,0.0,0.0,0.0,0.0,0.0,0.0,0.0,0.0,0.0,0.0,0.0,0.0,0.0,0.0,0.0,0.0,0.0,0.0,0.0,0.0,0.0,0.0,0.0,0,0
100,one_tick,0.5,2.75,2.217355782608345,1,6,0.0,0.0,0.0,0.0,0.0,0.0,0.0,0.0,0.0,0.0,0.0,0.0,0.0,0.0,0.0,0.0,0.0,0.0,0.0,0.0,0.0,0.0,0.0,0.0,0.0,0.0,0.0,0.0,0,0
100,three_plus_ticks,0.05,395.8,2.683281572999751,391,397,0.7355034884395112,0.14564707833914325,0.6120906801007556,0.9672544080604534,0.17525161749846882,0.10929737221352452,0.0266241194361282,0.2838329317807674,2.5755194956821703,0.3127333959167739,2.130753609188547,2.961166478996692,2.5755194956821703,0.3127333959167739,2.130753609188547,2.961166478996692,-2.4002678781837017,0.4152489761177071,-2.934542359560563,-1.84692067740778,0.5293669885626192,0.057097981939315104,0.4472843450479233,0.5791505791505791,0.07272297953300337,0.05015627284683287,0.008991091728537,0.1332077676915724,0,5
100,three_plus_ticks,0.1,395.8,2.683281572999751,391,397,0.5014655955471664,0.2437650757301753,0.3198992443324937,0.9017632241813602,0.253288694920992,0.15580698202480422,0.0431020564024249,0.4104878201451854,2.5452687337433417,0.33198881286717247,2.1171820444709315,2.971397792665317,2.5452687337433417,0.33198881286717247,2.1171820444709315,2.971397792665317,-2.29198003882235,0.4709918752124751,-2.9282957362628923,-1.726655602324637,0.5552325541228573,0.06874586948944747,0.4684684684684684,0.6178343949044586,0.10622190235746039,0.0710726444181603,0.0145056500037858,0.1844557690096431,0,5
100,three_plus_ticks,0.2,395.8,2.683281572999751,391,397,0.2204062437591398,0.2701278209913388,0.0843989769820971,0.7027707808564232,0.366005860377734,0.23290516160401253,0.0641787277145417,0.7114392680185995,2.355510492759737,0.4146130168192332,1.9990525616136243,2.9311834467889595,2.355510492759737,0.4146130168192332,1.9990525616136243,2.9311834467889595,-1.9895046323820025,0.6184790768119535,-2.867004719074417,-1.2876132935950249,0.5996413814792779,0.09739421130507116,0.4946236559139785,0.7272727272727273,0.16979292798919163,0.12243158153627591,0.021895159030339,0.3558882250921555,0,5
100,three_plus_ticks,0.3,395.8,2.683281572999751,391,397,0.11393894103474263,0.18709989792418738,0.0226700251889168,0.4483627204030226,0.4135952809579678,0.2831665528513585,-0.0144870202625113,0.6410062370838925,2.344309017181737,0.42541693969627037,2.010840818608338,2.9565731223344507,2.344309017181737,0.42541693969627037,2.010840818608338,2.9565731223344507,-1.9307137362237694,0.631760889587035,-2.9710601425969627,-1.422955063234706,0.5794788599811732,0.12170079000825502,0.4545454545454545,0.7272727272727273,0.18947033912275227,0.12889348821416513,-0.0048999364003798,0.3105708605025419,0,4
100,three_plus_ticks,0.4,395.8,2.683281572999751,391,397,0.051927821835118834,0.09633575969415066,0.0050377833753148,0.2241813602015113,0.18919381649881079,0.30338207679824275,-0.042803821526105,0.6533523841962818,2.1232164517021923,0.527576697131037,1.428945808367392,2.87297021270242,2.1232164517021923,0.527576697131037,1.428945808367392,2.87297021270242,-1.9340226352033814,0.6146755797858855,-2.8817164741878543,-1.4288084125134386,0.4809737827715356,0.30405047085964815,0.0,0.8,0.09027984050663686,0.13969698125431637,-0.0195894706626865,0.2922501642925782,0,3
100,three_plus_ticks,0.5,395.8,2.683281572999751,391,397,0.01613636802875782,0.02477399690915528,0.0050377833753148,0.0604534005037783,-0.0029495410186578972,0.4857799575151671,-0.6026053050217639,0.6880477617116076,2.0172733207108844,0.37907197578012275,1.6342036784023906,2.571645463991945,2.0172733207108844,0.37907197578012275,1.6342036784023906,2.571645463991945,-2.0202228617295424,0.6402201208340994,-2.582782091839528,-0.9461559166907828,0.4166666666666667,0.42491829279939874,0.0,1.0,0.004995416285822785,0.27319025097921146,-0.3043189421436348,0.4210293801224631,0,2
100,two_ticks,0.05,2.0,1.0,1,3,1.0,0.0,1.0,1.0,0.08568935327927613,1.0905221456183476,-0.686516226157674,1.969245522106533,1.136497998291296,0.6069662505676031,0.6847497669069843,2.164658072911588,1.136497998291296,0.6069662505676031,0.6847497669069843,2.164658072911588,-1.0508086450120195,1.3313965991678933,-2.733818551441575,0.8560082026152893,0.4333333333333333,0.3651483716701107,0.0,1.0,0.0847331691522569,0.9826224971630685,-0.6655178824970619,1.7689359560875038,1,2
100,two_ticks,0.1,2.0,1.0,1,3,0.8,0.4472135954999579,0.0,1.0,0.15416257169168873,1.0674294465111567,-0.686516226157674,1.969245522106533,0.999548044909899,0.7853990871235166,0.0,2.164658072911588,0.999548044909899,0.7853990871235166,0.0,2.164658072911588,-0.8453854732182101,1.4127200430265456,-2.733818551441575,0.8560082026152893,0.4333333333333333,0.3651483716701107,0.0,1.0,0.18473060138462732,0.9323990965153474,-0.6655178824970619,1.7689359560875038,1,2
100,two_ticks,0.2,2.0,1.0,1,3,0.5,0.5,0.0,1.0,-0.13232578559393043,1.4461142338574655,-2.0617139715461974,1.969245522106533,0.964892861426687,0.9567949283910654,0.0,2.164658072911588,0.964892861426687,0.9567949283910654,0.0,2.164658072911588,-1.097218647020617,1.9497932906913518,-3.608282886276801,0.8560082026152893,0.26666666666666666,0.4346134936801766,0.0,1.0,0.03458275551066472,1.1146091994208616,-1.3330889764490883,1.7689359560875038,1,1
100,two_ticks,0.3,2.0,1.0,1,3,0.4,0.5477225575051661,0.0,1.0,0.28001700871530905,0.9759385163533317,-0.5691604785299879,1.969245522106533,0.6555790784805663,0.971612353439145,0.0,2.164658072911588,0.6555790784805663,0.971612353439145,0.0,2.164658072911588,-0.37556206976525713,1.3694231973644004,-2.733818551441575,0.8560082026152893,0.26666666666666666,0.4346134936801766,0.0,1.0,0.30120055080048236,0.828350684566229,-0.2629332020850918,1.7689359560875038,1,1
100,two_ticks,0.4,2.0,1.0,1,3,0.26666666666666666,0.4346134936801766,0.0,1.0,0.0692458891413672,1.2735908040628283,-1.623016076399697,1.969245522106533,0.44471390457322507,0.6089504591417005,0.0,1.1132373194912435,0.44471390457322507,0.6089504591417005,0.0,1.1132373194912435,-0.3754680154318579,1.369220737174034,-2.733348279774579,0.8560082026152893,0.2,0.447213595499958,0.0,1.0,0.061439356674559464,1.1453102039453074,-1.4617391727147064,1.7689359560875038,1,1
100,two_ticks,0.5,2.0,1.0,1,3,0.06666666666666667,0.14907119849998596,0.0,0.3333333333333333,-0.3246032152799394,0.725834855080943,-1.623016076399697,0.0,0.22206644067497638,0.4965556568706715,0.0,1.110332203374882,0.22206644067497638,0.4965556568706715,0.0,1.110332203374882,-0.5466696559549158,1.2223905119516145,-2.733348279774579,0.0,0.0,0.0,0.0,0.0,-0.2923478345429413,0.6537096311128779,-1.4617391727147064,0.0,0,0
