horizon,fold,confidence_threshold,cost_fraction,active_signals,active_signal_fraction,gross_return_bps,full_estimated_cost_bps,applied_cost_bps,net_return_bps,mean_gross_return_active_bps,mean_full_estimated_cost_active_bps,mean_applied_cost_active_bps,mean_net_return_active_bps,active_hit_rate,mean_absolute_score_active,break_even_cost_fraction,max_drawdown_bps,sampled_observations
10,1,0.05,0.0,3417,0.8536097926555084,76.48794867409325,10025.620512488495,0.0,76.48794867409325,0.02238453282823917,2.934041706903276,0.0,0.02238453282823917,0.376060872110038,0.16530177642035204,0.007629248342166495,-10.773798450632938,4003
10,1,0.05,0.25,3417,0.8536097926555084,76.48794867409325,10025.620512488495,2506.4051281221236,-2429.9171794480303,0.02238453282823917,2.934041706903276,0.733510426725819,-0.7111258938975799,0.376060872110038,0.16530177642035204,0.007629248342166495,-2431.1986812275036,4003
10,1,0.05,0.5,3417,0.8536097926555084,76.48794867409325,10025.620512488495,5012.810256244247,-4936.322307570154,0.02238453282823917,2.934041706903276,1.467020853451638,-1.4446363206233988,0.376060872110038,0.16530177642035204,0.007629248342166495,-4937.005627941165,4003
10,1,0.05,0.75,3417,0.8536097926555084,76.48794867409325,10025.620512488495,7519.21538436637,-7442.727435692277,0.02238453282823917,2.934041706903276,2.200531280177457,-2.178146747349218,0.376060872110038,0.16530177642035204,0.007629248342166495,-7442.812574654812,4003
10,1,0.05,1.0,3417,0.8536097926555084,76.48794867409325,10025.620512488495,10025.620512488495,-9949.1325638144,0.02238453282823917,2.934041706903276,2.934041706903276,-2.911657174075037,0.376060872110038,0.16530177642035204,0.007629248342166495,-9949.132563814397,4003
10,1,0.1,0.0,2611,0.6522608043967024,97.85723799900614,7536.538993834306,0.0,97.85723799900614,0.03747883492876528,2.8864569106987004,0.0,0.03747883492876528,0.3952508617387974,0.19304054117031857,0.012984373606912115,-9.83380504534395,4003
10,1,0.1,0.25,2611,0.6522608043967024,97.85723799900614,7536.538993834306,1884.1347484585765,-1786.2775104595703,0.03747883492876528,2.8864569106987004,0.7216142276746751,-0.6841353927459098,0.3952508617387974,0.19304054117031857,0.012984373606912115,-1786.2775104595655,4003
10,1,0.1,0.5,2611,0.6522608043967024,97.85723799900614,7536.538993834306,3768.269496917153,-3670.412258918147,0.03747883492876528,2.8864569106987004,1.4432284553493502,-1.4057496204205848,0.3952508617387974,0.19304054117031857,0.012984373606912115,-3670.412258918145,4003
10,1,0.1,0.75,2611,0.6522608043967024,97.85723799900614,7536.538993834306,5652.404245375729,-5554.547007376724,0.03747883492876528,2.8864569106987004,2.1648426830240255,-2.12736384809526,0.3952508617387974,0.19304054117031857,0.012984373606912115,-5554.547007376723,4003
10,1,0.1,1.0,2611,0.6522608043967024,97.85723799900614,7536.538993834306,7536.538993834306,-7438.6817558353005,0.03747883492876528,2.8864569106987004,2.8864569106987004,-2.8489780757699346,0.3952508617387974,0.19304054117031857,0.012984373606912115,-7438.68175583529,4003
10,1,0.2,0.0,930,0.23232575568323757,60.23147611817437,2441.2011349534205,0.0,60.23147611817437,0.06476502808405846,2.624947456939162,0.0,0.06476502808405846,0.43548387096774194,0.2756692571214861,0.024672885513517352,-4.358986086254745,4003
10,1,0.2,0.25,930,0.23232575568323757,60.23147611817437,2441.2011349534205,610.3002837383551,-550.0688076201808,0.06476502808405846,2.624947456939162,0.6562368642347906,-0.5914718361507322,0.43548387096774194,0.2756692571214861,0.024672885513517352,-550.0688076201798,4003
10,1,0.2,0.5,930,0.23232575568323757,60.23147611817437,2441.2011349534205,1220.6005674767102,-1160.369091358536,0.06476502808405846,2.624947456939162,1.312473728469581,-1.2477087003855225,0.43548387096774194,0.2756692571214861,0.024672885513517352,-1160.3690913585378,4003
10,1,0.2,0.75,930,0.23232575568323757,60.23147611817437,2441.2011349534205,1830.9008512150654,-1770.6693750968911,0.06476502808405846,2.624947456939162,1.9687105927043713,-1.9039455646203132,0.43548387096774194,0.2756692571214861,0.024672885513517352,-1770.669375096889,4003
10,1,0.2,1.0,930,0.23232575568323757,60.23147611817437,2441.2011349534205,2441.2011349534205,-2380.9696588352463,0.06476502808405846,2.624947456939162,2.624947456939162,-2.5601824288551036,0.43548387096774194,0.2756692571214861,0.024672885513517352,-2380.969658835246,4003
10,1,0.3,0.0,243,0.0607044716462653,19.219450362062407,565.0486248726354,0.0,19.219450362062407,0.07909238832124448,2.3253029830149603,0.0,0.07909238832124448,0.4732510288065844,0.3836742460909944,0.03401379901843768,-5.042052208068526,4003
10,1,0.3,0.25,243,0.0607044716462653,19.219450362062407,565.0486248726354,141.26215621815885,-122.04270585609645,0.07909238832124448,2.3253029830149603,0.5813257457537401,-0.5022333574324955,0.4732510288065844,0.3836742460909944,0.03401379901843768,-122.19214439132821,4003
10,1,0.3,0.5,243,0.0607044716462653,19.219450362062407,565.0486248726354,282.5243124363177,-263.3048620742553,0.07909238832124448,2.3253029830149603,1.1626514915074802,-1.083559103186236,0.4732510288065844,0.3836742460909944,0.03401379901843768,-263.3048620742553,4003
10,1,0.3,0.75,243,0.0607044716462653,19.219450362062407,565.0486248726354,423.78646865447655,-404.5670182924141,0.07909238832124448,2.3253029830149603,1.7439772372612206,-1.6648848489399757,0.4732510288065844,0.3836742460909944,0.03401379901843768,-404.56701829241433,4003
10,1,0.3,1.0,243,0.0607044716462653,19.219450362062407,565.0486248726354,565.0486248726354,-545.829174510573,0.07909238832124448,2.3253029830149603,2.3253029830149603,-2.246210594693716,0.4732510288065844,0.3836742460909944,0.03401379901843768,-545.8291745105728,4003
10,1,0.4,0.0,64,0.01598800899325506,6.914094100131107,129.11416283651891,0.0,6.914094100131107,0.10803272031454855,2.017408794320608,0.0,0.10803272031454855,0.515625,0.5134845748544203,0.0535502376209925,-2.6491052534272086,4003
10,1,0.4,0.25,64,0.01598800899325506,6.914094100131107,129.11416283651891,32.27854070912973,-25.36444660899862,0.10803272031454855,2.017408794320608,0.504352198580152,-0.39631947826560343,0.515625,0.5134845748544203,0.0535502376209925,-25.36444660899862,4003
10,1,0.4,0.5,64,0.01598800899325506,6.914094100131107,129.11416283651891,64.55708141825946,-57.64298731812835,0.10803272031454855,2.017408794320608,1.008704397160304,-0.9006716768457554,0.515625,0.5134845748544203,0.0535502376209925,-57.64298731812835,4003
10,1,0.4,0.75,64,0.01598800899325506,6.914094100131107,129.11416283651891,96.83562212738917,-89.92152802725808,0.10803272031454855,2.017408794320608,1.5130565957404563,-1.4050238754259077,0.515625,0.5134845748544203,0.0535502376209925,-89.92152802725808,4003
10,1,0.4,1.0,64,0.01598800899325506,6.914094100131107,129.11416283651891,129.11416283651891,-122.2000687363878,0.10803272031454855,2.017408794320608,2.017408794320608,-1.9093760740060595,0.515625,0.5134845748544203,0.0535502376209925,-122.20006873638779,4003
10,1,0.5,0.0,26,0.006495128653509868,4.783534504165798,57.931832064994865,0.0,4.783534504165798,0.18398209631406917,2.228147387115187,0.0,0.18398209631406917,0.5769230769230769,0.6134609858562231,0.08257178020538099,-1.3682817740900965,4003
10,1,0.5,0.25,26,0.006495128653509868,4.783534504165798,57.931832064994865,14.482958016248716,-9.699423512082918,0.18398209631406917,2.228147387115187,0.5570368467787967,-0.3730547504647276,0.5769230769230769,0.6134609858562231,0.08257178020538099,-9.699423512082916,4003
10,1,0.5,0.5,26,0.006495128653509868,4.783534504165798,57.931832064994865,28.965916032497432,-24.182381528331632,0.18398209631406917,2.228147387115187,1.1140736935575934,-0.9300915972435243,0.5769230769230769,0.6134609858562231,0.08257178020538099,-24.182381528331632,4003
10,1,0.5,0.75,26,0.006495128653509868,4.783534504165798,57.931832064994865,43.44887404874615,-38.66533954458035,0.18398209631406917,2.228147387115187,1.6711105403363904,-1.4871284440223216,0.5769230769230769,0.6134609858562231,0.08257178020538099,-38.66533954458035,4003
10,1,0.5,1.0,26,0.006495128653509868,4.783534504165798,57.931832064994865,57.931832064994865,-53.148297560829064,0.18398209631406917,2.228147387115187,2.228147387115187,-2.044165290801118,0.5769230769230769,0.6134609858562231,0.08257178020538099,-53.14829756082908,4003
10,2,0.05,0.0,2517,0.6287784161878591,190.52700044390969,6641.540631455735,0.0,190.52700044390969,0.07569606692249094,2.6386732743169388,0.0,0.07569606692249094,0.39610647596344856,0.13919292031862862,0.02868716929044049,-5.652385244511223,4003
10,2,0.05,0.25,2517,0.6287784161878591,190.52700044390969,6641.540631455735,1660.3851578639337,-1469.858157420024,0.07569606692249094,2.6386732743169388,0.6596683185792347,-0.5839722516567438,0.39610647596344856,0.13919292031862862,0.02868716929044049,-1469.8581574200223,4003
10,2,0.05,0.5,2517,0.6287784161878591,190.52700044390969,6641.540631455735,3320.7703157278675,-3130.243315283958,0.07569606692249094,2.6386732743169388,1.3193366371584694,-1.2436405702359783,0.39610647596344856,0.13919292031862862,0.02868716929044049,-3130.2433152839576,4003
10,2,0.05,0.75,2517,0.6287784161878591,190.52700044390969,6641.540631455735,4981.155473591802,-4790.628473147892,0.07569606692249094,2.6386732743169388,1.9790049557377043,-1.9033088888152132,0.39610647596344856,0.13919292031862862,0.02868716929044049,-4790.6284731478845,4003
10,2,0.05,1.0,2517,0.6287784161878591,190.52700044390969,6641.540631455735,6641.540631455735,-6451.013631011825,0.07569606692249094,2.6386732743169388,2.6386732743169388,-2.562977207394448,0.39610647596344856,0.13919292031862862,0.02868716929044049,-6451.013631011823,4003
10,2,0.1,0.0,1425,0.3559830127404447,133.41321643610016,3600.9961248706186,0.0,133.41321643610016,0.0936233097797194,2.52701482447061,0.0,0.0936233097797194,0.423859649122807,0.19024154575355057,0.037048975286218505,-4.196157171985071,4003
10,2,0.1,0.25,1425,0.3559830127404447,133.41321643610016,3600.9961248706186,900.2490312176546,-766.8358147815545,0.0936233097797194,2.52701482447061,0.6317537061176525,-0.538130396337933,0.423859649122807,0.19024154575355057,0.037048975286218505,-766.8358147815535,4003
10,2,0.1,0.5,1425,0.3559830127404447,133.41321643610016,3600.9961248706186,1800.4980624353093,-1667.0848459992094,0.0936233097797194,2.52701482447061,1.263507412235305,-1.1698841024555855,0.423859649122807,0.19024154575355057,0.037048975286218505,-1667.0848459992067,4003
10,2,0.1,0.75,1425,0.3559830127404447,133.41321643610016,3600.9961248706186,2700.7470936529644,-2567.3338772168636,0.0936233097797194,2.52701482447061,1.895261118352957,-1.8016378085732383,0.423859649122807,0.19024154575355057,0.037048975286218505,-2567.3338772168636,4003
10,2,0.1,1.0,1425,0.3559830127404447,133.41321643610016,3600.9961248706186,3600.9961248706186,-3467.5829084345187,0.0936233097797194,2.52701482447061,2.52701482447061,-2.43339151469089,0.423859649122807,0.19024154575355057,0.037048975286218505,-3467.5829084345146,4003
10,2,0.2,0.0,431,0.10766924806395203,52.86438230072466,1005.7551004119516,0.0,52.86438230072466,0.12265517935202937,2.333538516037011,0.0,0.12265517935202937,0.46867749419953597,0.3054142787296195,0.0525618833840084,-2.3973138624100443,4003
10,2,0.2,0.25,431,0.10766924806395203,52.86438230072466,1005.7551004119516,251.4387751029879,-198.57439280226328,0.12265517935202937,2.333538516037011,0.5833846290092527,-0.4607294496572234,0.46867749419953597,0.3054142787296195,0.0525618833840084,-198.5743928022634,4003
10,2,0.2,0.5,431,0.10766924806395203,52.86438230072466,1005.7551004119516,502.8775502059758,-450.0131679052512,0.12265517935202937,2.333538516037011,1.1667692580185054,-1.044114078666476,0.46867749419953597,0.3054142787296195,0.0525618833840084,-450.0131679052513,4003
10,2,0.2,0.75,431,0.10766924806395203,52.86438230072466,1005.7551004119516,754.3163253089638,-701.451943008239,0.12265517935202937,2.333538516037011,1.7501538870277582,-1.6274987076757288,0.46867749419953597,0.3054142787296195,0.0525618833840084,-701.4519430082396,4003
10,2,0.2,1.0,431,0.10766924806395203,52.86438230072466,1005.7551004119516,1005.7551004119516,-952.890718111227,0.12265517935202937,2.333538516037011,2.333538516037011,-2.2108833366849816,0.46867749419953597,0.3054142787296195,0.0525618833840084,-952.8907181112274,4003
10,2,0.3,0.0,162,0.040469647764176865,15.589914920940418,370.13203928246867,0.0,15.589914920940418,0.09623404272185443,2.28476567458314,0.0,0.09623404272185443,0.42592592592592593,0.418956885828599,0.04211987417020895,-1.5409346569084104,4003
10,2,0.3,0.25,162,0.040469647764176865,15.589914920940418,370.13203928246867,92.53300982061717,-76.94309489967677,0.09623404272185443,2.28476567458314,0.571191418645785,-0.47495737592393067,0.42592592592592593,0.418956885828599,0.04211987417020895,-77.00722578199012,4003
10,2,0.3,0.5,162,0.040469647764176865,15.589914920940418,370.13203928246867,185.06601964123433,-169.47610472029393,0.09623404272185443,2.28476567458314,1.14238283729157,-1.0461487945697159,0.42592592592592593,0.418956885828599,0.04211987417020895,-169.47610472029393,4003
10,2,0.3,0.75,162,0.040469647764176865,15.589914920940418,370.13203928246867,277.59902946185156,-262.0091145409111,0.09623404272185443,2.28476567458314,1.713574255937355,-1.6173402132155008,0.42592592592592593,0.418956885828599,0.04211987417020895,-262.0091145409111,4003
10,2,0.3,1.0,162,0.040469647764176865,15.589914920940418,370.13203928246867,370.13203928246867,-354.5421243615283,0.09623404272185443,2.28476567458314,2.28476567458314,-2.1885316318612857,0.42592592592592593,0.418956885828599,0.04211987417020895,-354.54212436152807,4003
10,2,0.4,0.0,60,0.014988758431176618,6.853823697531292,137.93881275076924,0.0,6.853823697531292,0.11423039495885486,2.2989802125128214,0.0,0.11423039495885486,0.45,0.5553572394090883,0.04968741981210847,-1.1985172634609853,4003
10,2,0.4,0.25,60,0.014988758431176618,6.853823697531292,137.93881275076924,34.48470318769231,-27.630879490161018,0.11423039495885486,2.2989802125128214,0.5747450531282053,-0.46051465816935033,0.45,0.5553572394090883,0.04968741981210847,-27.63087949016102,4003
10,2,0.4,0.5,60,0.014988758431176618,6.853823697531292,137.93881275076924,68.96940637538462,-62.11558267785333,0.11423039495885486,2.2989802125128214,1.1494901062564107,-1.0352597112975555,0.45,0.5553572394090883,0.04968741981210847,-62.11558267785336,4003
10,2,0.4,0.75,60,0.014988758431176618,6.853823697531292,137.93881275076924,103.45410956307694,-96.60028586554566,0.11423039495885486,2.2989802125128214,1.724235159384616,-1.610004764425761,0.45,0.5553572394090883,0.04968741981210847,-96.60028586554567,4003
10,2,0.4,1.0,60,0.014988758431176618,6.853823697531292,137.93881275076924,137.93881275076924,-131.08498905323796,0.11423039495885486,2.2989802125128214,2.2989802125128214,-2.184749817553966,0.45,0.5553572394090883,0.04968741981210847,-131.084989053238,4003
10,2,0.5,0.0,34,0.00849362977766675,2.568324562649549,71.79188676476298,0.0,2.568324562649549,0.07553895772498673,2.1115260813165584,0.0,0.07553895772498673,0.4117647058823529,0.64436335329018,0.03577457952964872,-1.0272917166065376,4003
10,2,0.5,0.25,34,0.00849362977766675,2.568324562649549,71.79188676476298,17.947971691190745,-15.379647128541194,0.07553895772498673,2.1115260813165584,0.5278815203291396,-0.45234256260415273,0.4117647058823529,0.64436335329018,0.03577457952964872,-15.379647128541198,4003
10,2,0.5,0.5,34,0.00849362977766675,2.568324562649549,71.79188676476298,35.89594338238149,-33.32761881973194,0.07553895772498673,2.1115260813165584,1.0557630406582792,-0.9802240829332921,0.4117647058823529,0.64436335329018,0.03577457952964872,-33.32761881973194,4003
10,2,0.5,0.75,34,0.00849362977766675,2.568324562649549,71.79188676476298,53.843915073572234,-51.27559051092268,0.07553895772498673,2.1115260813165584,1.5836445609874186,-1.5081056032624318,0.4117647058823529,0.64436335329018,0.03577457952964872,-51.27559051092267,4003
10,2,0.5,1.0,34,0.00849362977766675,2.568324562649549,71.79188676476298,71.79188676476298,-69.22356220211343,0.07553895772498673,2.1115260813165584,2.1115260813165584,-2.035987123591571,0.4117647058823529,0.64436335329018,0.03577457952964872,-69.22356220211343,4003
10,3,0.05,0.0,2344,0.5855608293779665,197.98662020666936,5902.083404145114,0.0,197.98662020666936,0.08446528165813538,2.5179536707103725,0.0,0.08446528165813538,0.4031569965870307,0.11579744922411984,0.033545208810099265,-4.80219075990496,4003
10,3,0.05,0.25,2344,0.5855608293779665,197.98662020666936,5902.083404145114,1475.5208510362786,-1277.534230829609,0.08446528165813538,2.5179536707103725,0.6294884176775931,-0.5450231360194578,0.4031569965870307,0.11579744922411984,0.033545208810099265,-1277.4704057191461,4003
10,3,0.05,0.5,2344,0.5855608293779665,197.98662020666936,5902.083404145114,2951.041702072557,-2753.0550818658876,0.08446528165813538,2.5179536707103725,1.2589768353551862,-1.174511553697051,0.4031569965870307,0.11579744922411984,0.033545208810099265,-2752.1974195104012,4003
10,3,0.05,0.75,2344,0.5855608293779665,197.98662020666936,5902.083404145114,4426.562553108835,-4228.575932902166,0.08446528165813538,2.5179536707103725,1.8884652530327797,-1.8039999713746442,0.4031569965870307,0.11579744922411984,0.033545208810099265,-4227.28943936893,4003
10,3,0.05,1.0,2344,0.5855608293779665,197.98662020666936,5902.083404145114,5902.083404145114,-5704.096783938445,0.08446528165813538,2.5179536707103725,2.5179536707103725,-2.4334883890522376,0.4031569965870307,0.11579744922411984,0.033545208810099265,-5702.38145922747,4003
10,3,0.1,0.0,1036,0.25880589557831624,111.89890617509079,2519.07566013874,0.0,111.89890617509079,0.10801052719603359,2.4315402124891317,0.0,0.10801052719603359,0.44015444015444016,0.17025460136227288,0.04442062139925081,-3.765817527338079,4003
10,3,0.1,0.25,1036,0.25880589557831624,111.89890617509079,2519.07566013874,629.768915034685,-517.8700088595942,0.10801052719603359,2.4315402124891317,0.6078850531222829,-0.49987452592624926,0.44015444015444016,0.17025460136227288,0.04442062139925081,-517.8061837491309,4003
10,3,0.1,0.5,1036,0.25880589557831624,111.89890617509079,2519.07566013874,1259.53783006937,-1147.6389238942795,0.10801052719603359,2.4315402124891317,1.2157701062445658,-1.1077595790485324,0.44015444015444016,0.17025460136227288,0.04442062139925081,-1146.7812615387948,4003
10,3,0.1,0.75,1036,0.25880589557831624,111.89890617509079,2519.07566013874,1889.3067451040552,-1777.4078389289643,0.10801052719603359,2.4315402124891317,1.8236551593668486,-1.7156446321708152,0.44015444015444016,0.17025460136227288,0.04442062139925081,-1776.1213453957391,4003
10,3,0.1,1.0,1036,0.25880589557831624,111.89890617509079,2519.07566013874,2519.07566013874,-2407.1767539636494,0.10801052719603359,2.4315402124891317,2.4315402124891317,-2.323529685293098,0.44015444015444016,0.17025460136227288,0.04442062139925081,-2405.461429252682,4003
10,3,0.2,0.0,224,0.05595803147639271,17.581257174005273,489.4285294303485,0.0,17.581257174005273,0.07848775524109497,2.1849487920997697,0.0,0.07848775524109497,0.44642857142857145,0.30217758037401726,0.03592201131893211,-2.311632934095531,4003
10,3,0.2,0.25,224,0.05595803147639271,17.581257174005273,489.4285294303485,122.35713235758712,-104.77587518358185,0.07848775524109497,2.1849487920997697,0.5462371980249424,-0.46774944278384745,0.44642857142857145,0.30217758037401726,0.03592201131893211,-104.77587518358192,4003
10,3,0.2,0.5,224,0.05595803147639271,17.581257174005273,489.4285294303485,244.71426471517424,-227.13300754116898,0.07848775524109497,2.1849487920997697,1.0924743960498848,-1.0139866408087899,0.44642857142857145,0.30217758037401726,0.03592201131893211,-227.1330075411691,4003
10,3,0.2,0.75,224,0.05595803147639271,17.581257174005273,489.4285294303485,367.07139707276133,-349.49013989875607,0.07848775524109497,2.1849487920997697,1.6387115940748276,-1.5602238388337324,0.44642857142857145,0.30217758037401726,0.03592201131893211,-349.4901398987561,4003
10,3,0.2,1.0,224,0.05595803147639271,17.581257174005273,489.4285294303485,489.4285294303485,-471.8472722563432,0.07848775524109497,2.1849487920997697,2.1849487920997697,-2.1064610368586747,0.44642857142857145,0.30217758037401726,0.03592201131893211,-471.84727225634333,4003
10,3,0.3,0.0,78,0.0194853859605296,7.2047054097168495,160.3122584322565,0.0,7.2047054097168495,0.09236801807329294,2.0552853645161098,0.0,0.09236801807329294,0.48717948717948717,0.42939555092412274,0.04494169990600786,-0.7719689496921145,4003
10,3,0.3,0.25,78,0.0194853859605296,7.2047054097168495,160.3122584322565,40.078064608064125,-32.87335919834727,0.09236801807329294,2.0552853645161098,0.5138213411290274,-0.42145332305573435,0.48717948717948717,0.42939555092412274,0.04494169990600786,-32.87335919834727,4003
10,3,0.3,0.5,78,0.0194853859605296,7.2047054097168495,160.3122584322565,80.15612921612825,-72.9514238064114,0.09236801807329294,2.0552853645161098,1.0276426822580549,-0.9352746641847615,0.48717948717948717,0.42939555092412274,0.04494169990600786,-72.95142380641138,4003
10,3,0.3,0.75,78,0.0194853859605296,7.2047054097168495,160.3122584322565,120.23419382419239,-113.02948841447554,0.09236801807329294,2.0552853645161098,1.5414640233870818,-1.4490960053137887,0.48717948717948717,0.42939555092412274,0.04494169990600786,-113.02948841447552,4003
10,3,0.3,1.0,78,0.0194853859605296,7.2047054097168495,160.3122584322565,160.3122584322565,-153.10755302253966,0.09236801807329294,2.0552853645161098,2.0552853645161098,-1.9629173464428158,0.48717948717948717,0.42939555092412274,0.04494169990600786,-153.10755302253963,4003
10,3,0.4,0.0,35,0.00874344241818636,4.029707277976025,61.80036674926825,0.0,4.029707277976025,0.11513449365645785,1.7657247642648073,0.0,0.11513449365645785,0.5428571428571428,0.5349325264149791,0.06520523242726126,-0.6001218216533655,4003
10,3,0.4,0.25,35,0.00874344241818636,4.029707277976025,61.80036674926825,15.450091687317062,-11.420384409341036,0.11513449365645785,1.7657247642648073,0.4414311910662018,-0.326296697409744,0.5428571428571428,0.5349325264149791,0.06520523242726126,-11.441857828942823,4003
10,3,0.4,0.5,35,0.00874344241818636,4.029707277976025,61.80036674926825,30.900183374634125,-26.870476096658102,0.11513449365645785,1.7657247642648073,0.8828623821324036,-0.7677278884759458,0.5428571428571428,0.5349325264149791,0.06520523242726126,-26.870476096658102,4003
10,3,0.4,0.75,35,0.00874344241818636,4.029707277976025,61.80036674926825,46.350275061951194,-42.320567783975164,0.11513449365645785,1.7657247642648073,1.3242935731986056,-1.2091590795421476,0.5428571428571428,0.5349325264149791,0.06520523242726126,-42.32056778397517,4003
10,3,0.4,1.0,35,0.00874344241818636,4.029707277976025,61.80036674926825,61.80036674926825,-57.77065947129223,0.11513449365645785,1.7657247642648073,1.7657247642648073,-1.6505902706083495,0.5428571428571428,0.5349325264149791,0.06520523242726126,-57.77065947129223,4003
10,3,0.5,0.0,18,0.0044966275293529855,2.8286971075475176,33.33351397718025,0.0,2.8286971075475176,0.15714983930819543,1.8518618876211252,0.0,0.15714983930819543,0.6111111111111112,0.6287179041921622,0.08486045334086324,-0.34298257648446295,4003
10,3,0.5,0.25,18,0.0044966275293529855,2.8286971075475176,33.33351397718025,8.333378494295063,-5.504681386747546,0.15714983930819543,1.8518618876211252,0.4629654719052813,-0.3058156325970859,0.6111111111111112,0.6287179041921622,0.08486045334086324,-5.97663413019857,4003
10,3,0.5,0.5,18,0.0044966275293529855,2.8286971075475176,33.33351397718025,16.666756988590127,-13.838059881042609,0.15714983930819543,1.8518618876211252,0.9259309438105626,-0.7687811045023671,0.6111111111111112,0.6287179041921622,0.08486045334086324,-13.83808932867232,4003
10,3,0.5,0.75,18,0.0044966275293529855,2.8286971075475176,33.33351397718025,25.00013548288519,-22.171438375337672,0.15714983930819543,1.8518618876211252,1.3888964157158439,-1.2317465764076487,0.6111111111111112,0.6287179041921622,0.08486045334086324,-22.171438375337676,4003
10,3,0.5,1.0,18,0.0044966275293529855,2.8286971075475176,33.33351397718025,33.33351397718025,-30.504816869632734,0.15714983930819543,1.8518618876211252,1.8518618876211252,-1.6947120483129297,0.6111111111111112,0.6287179041921622,0.08486045334086324,-30.50481686963273,4003
10,4,0.05,0.0,2560,0.6395203597302024,211.81630500193282,6192.7616633056605,0.0,211.81630500193282,0.08274074414138001,2.419047524728774,0.0,0.08274074414138001,0.402734375,0.13600171181219928,0.03420385225819695,-5.583523113826686,4003
10,4,0.05,0.25,2560,0.6395203597302024,211.81630500193282,6192.7616633056605,1548.1904158264151,-1336.3741108244824,0.08274074414138001,2.419047524728774,0.6047618811821935,-0.5220211370408135,0.402734375,0.13600171181219928,0.03420385225819695,-1335.43029307394,4003
10,4,0.05,0.5,2560,0.6395203597302024,211.81630500193282,6192.7616633056605,3096.3808316528302,-2884.5645266508973,0.08274074414138001,2.419047524728774,1.209523762364387,-1.126783018223007,0.402734375,0.13600171181219928,0.03420385225819695,-2882.332729089846,4003
10,4,0.05,0.75,2560,0.6395203597302024,211.81630500193282,6192.7616633056605,4644.571247479245,-4432.754942477313,0.08274074414138001,2.419047524728774,1.8142856435465802,-1.7315448994052,0.402734375,0.13600171181219928,0.03420385225819695,-4429.2351651057625,4003
10,4,0.05,1.0,2560,0.6395203597302024,211.81630500193282,6192.7616633056605,6192.7616633056605,-5980.945358303728,0.08274074414138001,2.419047524728774,2.419047524728774,-2.336306780587394,0.402734375,0.13600171181219928,0.03420385225819695,-5976.137603345826,4003
10,4,0.1,0.0,1397,0.34898825880589557,150.4105652893506,3171.1053425601804,0.0,150.4105652893506,0.1076668327053333,2.269939400544152,0.0,0.1076668327053333,0.43808160343593416,0.18786392181977019,0.0474315890016814,-5.326610340399256,4003
10,4,0.1,0.25,1397,0.34898825880589557,150.4105652893506,3171.1053425601804,792.7763356400451,-642.3657703506944,0.1076668327053333,2.269939400544152,0.567484850136038,-0.45981801743070466,0.43808160343593416,0.18786392181977019,0.0474315890016814,-642.5595014977689,4003
10,4,0.1,0.5,1397,0.34898825880589557,150.4105652893506,3171.1053425601804,1585.5526712800902,-1435.1421059907393,0.1076668327053333,2.269939400544152,1.134969700272076,-1.0273028675667426,0.43808160343593416,0.18786392181977019,0.0474315890016814,-1435.2712593473996,4003
10,4,0.1,0.75,1397,0.34898825880589557,150.4105652893506,3171.1053425601804,2378.329006920135,-2227.9184416307844,0.1076668327053333,2.269939400544152,1.7024545504081137,-1.5947877177027805,0.43808160343593416,0.18786392181977019,0.0474315890016814,-2227.9830171970266,4003
10,4,0.1,1.0,1397,0.34898825880589557,150.4105652893506,3171.1053425601804,3171.1053425601804,-3020.6947772708295,0.1076668327053333,2.269939400544152,2.269939400544152,-2.1622725678388184,0.43808160343593416,0.18786392181977019,0.0474315890016814,-3020.6947772708277,4003
10,4,0.2,0.0,415,0.10367224581563828,56.44619950853968,880.7501248435283,0.0,56.44619950853968,0.1360149385747944,2.122289457454285,0.0,0.1360149385747944,0.4746987951807229,0.3057016556972984,0.06408877832241892,-2.4908248359889456,4003
10,4,0.2,0.25,415,0.10367224581563828,56.44619950853968,880.7501248435283,220.18753121088207,-163.7413317023424,0.1360149385747944,2.122289457454285,0.5305723643635712,-0.39455742578877684,0.4746987951807229,0.3057016556972984,0.06408877832241892,-163.99927237434628,4003
10,4,0.2,0.5,415,0.10367224581563828,56.44619950853968,880.7501248435283,440.37506242176414,-383.92886291322446,0.1360149385747944,2.122289457454285,1.0611447287271425,-0.925129790152348,0.4746987951807229,0.3057016556972984,0.06408877832241892,-384.058016269883,4003
10,4,0.2,0.75,415,0.10367224581563828,56.44619950853968,880.7501248435283,660.5625936326462,-604.1163941241066,0.1360149385747944,2.122289457454285,1.5917170930907139,-1.4557021545159192,0.4746987951807229,0.3057016556972984,0.06408877832241892,-604.1809696903495,4003
10,4,0.2,1.0,415,0.10367224581563828,56.44619950853968,880.7501248435283,880.7501248435283,-824.3039253349887,0.1360149385747944,2.122289457454285,2.122289457454285,-1.9862745188794908,0.4746987951807229,0.3057016556972984,0.06408877832241892,-824.3039253349882,4003
10,4,0.3,0.0,146,0.0364726455158631,12.888372900492495,305.10873680248517,0.0,12.888372900492495,0.08827652671570202,2.0897858685101722,0.0,0.08827652671570202,0.4589041095890411,0.4268776579834274,0.042241900496071,-3.6066592448602552,4003
10,4,0.3,0.25,146,0.0364726455158631,12.888372900492495,305.10873680248517,76.27718420062129,-63.38881130012879,0.08827652671570202,2.0897858685101722,0.5224464671275431,-0.43416994041184115,0.4589041095890411,0.4268776579834274,0.042241900496071,-64.37675310904302,4003
10,4,0.3,0.5,146,0.0364726455158631,12.888372900492495,305.10873680248517,152.55436840124258,-139.6659955007501,0.08827652671570202,2.0897858685101722,1.0448929342550861,-0.9566164075393842,0.4589041095890411,0.4268776579834274,0.042241900496071,-139.66599550075014,4003
10,4,0.3,0.75,146,0.0364726455158631,12.888372900492495,305.10873680248517,228.8315526018639,-215.94317970137138,0.08827652671570202,2.0897858685101722,1.5673394013826292,-1.4790628746669272,0.4589041095890411,0.4268776579834274,0.042241900496071,-215.94317970137132,4003
10,4,0.3,1.0,146,0.0364726455158631,12.888372900492495,305.10873680248517,305.10873680248517,-292.2203639019927,0.08827652671570202,2.0897858685101722,2.0897858685101722,-2.00150934179447,0.4589041095890411,0.4268776579834274,0.042241900496071,-292.2203639019927,4003
10,4,0.4,0.0,64,0.01598800899325506,3.09413443444706,139.67649544893027,0.0,3.09413443444706,0.04834585053823531,2.182445241389536,0.0,0.04834585053823531,0.4375,0.5371211032657984,0.02215214825158872,-4.465961752464498,4003
10,4,0.4,0.25,64,0.01598800899325506,3.09413443444706,139.67649544893027,34.91912386223257,-31.82498942778551,0.04834585053823531,2.182445241389536,0.545611310347384,-0.4972654598091486,0.4375,0.5371211032657984,0.02215214825158872,-31.95415501600441,4003
10,4,0.4,0.5,64,0.01598800899325506,3.09413443444706,139.67649544893027,69.83824772446513,-66.74411329001808,0.04834585053823531,2.182445241389536,1.091222620694768,-1.0428767701565325,0.4375,0.5371211032657984,0.02215214825158872,-66.74411329001809,4003
10,4,0.4,0.75,64,0.01598800899325506,3.09413443444706,139.67649544893027,104.75737158669772,-101.66323715225064,0.04834585053823531,2.182445241389536,1.6368339310421516,-1.5884880805039163,0.4375,0.5371211032657984,0.02215214825158872,-101.66323715225064,4003
10,4,0.4,1.0,64,0.01598800899325506,3.09413443444706,139.67649544893027,139.67649544893027,-136.58236101448324,0.04834585053823531,2.182445241389536,2.182445241389536,-2.1340993908513006,0.4375,0.5371211032657984,0.02215214825158872,-136.58236101448324,4003
10,4,0.5,0.0,35,0.00874344241818636,2.9209577242139684,82.98329879786897,0.0,2.9209577242139684,0.08345593497754196,2.3709513942248277,0.0,0.08345593497754196,0.45714285714285713,0.6107124108516417,0.035199344525081465,-2.1463240633001757,4003
10,4,0.5,0.25,35,0.00874344241818636,2.9209577242139684,82.98329879786897,20.745824699467242,-17.824866975253276,0.08345593497754196,2.3709513942248277,0.5927378485562069,-0.509281913578665,0.45714285714285713,0.6107124108516417,0.035199344525081465,-18.33987516962047,4003
10,4,0.5,0.5,35,0.00874344241818636,2.9209577242139684,82.98329879786897,41.491649398934484,-38.570691674720514,0.08345593497754196,2.3709513942248277,1.1854756971124139,-1.1020197621348717,0.45714285714285713,0.6107124108516417,0.035199344525081465,-38.74239790449727,4003
10,4,0.5,0.75,35,0.00874344241818636,2.9209577242139684,82.98329879786897,62.237474098401734,-59.316516374187756,0.08345593497754196,2.3709513942248277,1.7782135456686208,-1.694757610691079,0.45714285714285713,0.6107124108516417,0.035199344525081465,-59.31651637418777,4003
10,4,0.5,1.0,35,0.00874344241818636,2.9209577242139684,82.98329879786897,82.98329879786897,-80.062341073655,0.08345593497754196,2.3709513942248277,2.3709513942248277,-2.287495459247286,0.45714285714285713,0.6107124108516417,0.035199344525081465,-80.06234107365502,4003
10,5,0.05,0.0,2880,0.7194604046964777,224.18972044240593,6111.273789976547,0.0,224.18972044240593,0.07784365293139095,2.1219700659640788,0.0,0.07784365293139095,0.4065972222222222,0.1489770434429067,0.03668461406689264,-4.041070113056662,4003
10,5,0.05,0.25,2880,0.7194604046964777,224.18972044240593,6111.273789976547,1527.8184474941368,-1303.6287270517305,0.07784365293139095,2.1219700659640788,0.5304925164910197,-0.45264886355962863,0.4065972222222222,0.1489770434429067,0.03668461406689264,-1304.1453686507941,4003
10,5,0.05,0.5,2880,0.7194604046964777,224.18972044240593,6111.273789976547,3055.6368949882735,-2831.4471745458673,0.07784365293139095,2.1219700659640788,1.0609850329820394,-0.9831413800506482,0.4065972222222222,0.1489770434429067,0.03668461406689264,-2831.791616117288,4003
10,5,0.05,0.75,2880,0.7194604046964777,224.18972044240593,6111.273789976547,4583.45534248241,-4359.265622040004,0.07784365293139095,2.1219700659640788,1.5914775494730589,-1.513633896541668,0.4065972222222222,0.1489770434429067,0.03668461406689264,-4359.437863583779,4003
10,5,0.05,1.0,2880,0.7194604046964777,224.18972044240593,6111.273789976547,6111.273789976547,-5887.08406953414,0.07784365293139095,2.1219700659640788,2.1219700659640788,-2.044126413032688,0.4065972222222222,0.1489770434429067,0.03668461406689264,-5887.084111050286,4003
10,5,0.1,0.0,1850,0.46215338496127906,162.4350458785917,3842.896873232713,0.0,162.4350458785917,0.08780272750194146,2.0772415530987636,0.0,0.08780272750194146,0.42162162162162165,0.19061206721496204,0.04226890578563677,-2.923249065968079,4003
10,5,0.1,0.25,1850,0.46215338496127906,162.4350458785917,3842.896873232713,960.7242183081783,-798.2891724295865,0.08780272750194146,2.0772415530987636,0.5193103882746909,-0.4315076607727495,0.42162162162162165,0.19061206721496204,0.04226890578563677,-798.2891724295874,4003
10,5,0.1,0.5,1850,0.46215338496127906,162.4350458785917,3842.896873232713,1921.4484366163565,-1759.013390737765,0.08780272750194146,2.0772415530987636,1.0386207765493818,-0.9508180490474405,0.42162162162162165,0.19061206721496204,0.04226890578563677,-1759.0133907377697,4003
10,5,0.1,0.75,1850,0.46215338496127906,162.4350458785917,3842.896873232713,2882.172654924535,-2719.7376090459434,0.08780272750194146,2.0772415530987636,1.557931164824073,-1.4701284373221313,0.42162162162162165,0.19061206721496204,0.04226890578563677,-2719.7376090459416,4003
10,5,0.1,1.0,1850,0.46215338496127906,162.4350458785917,3842.896873232713,3842.896873232713,-3680.4618273541214,0.08780272750194146,2.0772415530987636,2.0772415530987636,-1.9894388255968223,0.42162162162162165,0.19061206721496204,0.04226890578563677,-3680.461827354126,4003
10,5,0.2,0.0,602,0.1503872095928054,76.10070428107795,1142.214588771516,0.0,76.10070428107795,0.1264131300350132,1.8973664265307575,0.0,0.1264131300350132,0.4717607973421927,0.29114155213505627,0.06662557546470003,-2.6671501815056473,4003
10,5,0.2,0.25,602,0.1503872095928054,76.10070428107795,1142.214588771516,285.553647192879,-209.45294291180102,0.1264131300350132,1.8973664265307575,0.47434160663268937,-0.3479284765976762,0.4717607973421927,0.29114155213505627,0.06662557546470003,-210.22786972265908,4003
10,5,0.2,0.5,602,0.1503872095928054,76.10070428107795,1142.214588771516,571.107294385758,-495.0065901046801,0.1264131300350132,1.8973664265307575,0.9486832132653787,-0.8222700832303655,0.4717607973421927,0.29114155213505627,0.06662557546470003,-495.52322576906914,4003
10,5,0.2,0.75,602,0.1503872095928054,76.10070428107795,1142.214588771516,856.660941578637,-780.5602372975591,0.1264131300350132,1.8973664265307575,1.4230248198980682,-1.2966116898630549,0.4717607973421927,0.29114155213505627,0.06662557546470003,-780.8185818154801,4003
10,5,0.2,1.0,602,0.1503872095928054,76.10070428107795,1142.214588771516,1142.214588771516,-1066.113884490438,0.1264131300350132,1.8973664265307575,1.8973664265307575,-1.7709532964957444,0.4717607973421927,0.29114155213505627,0.06662557546470003,-1066.1139378618884,4003
10,5,0.3,0.0,180,0.04496627529352985,29.84124368526575,319.8461590375331,0.0,29.84124368526575,0.16578468714036526,1.7769231057640726,0.0,0.16578468714036526,0.5166666666666667,0.4099925093098819,0.09329874016640594,-1.7214881753613298,4003
10,5,0.3,0.25,180,0.04496627529352985,29.84124368526575,319.8461590375331,79.96153975938327,-50.12029607411752,0.16578468714036526,1.7769231057640726,0.44423077644101816,-0.2784460893006529,0.5166666666666667,0.4099925093098819,0.09329874016640594,-50.93809317618842,4003
10,5,0.3,0.5,180,0.04496627529352985,29.84124368526575,319.8461590375331,159.92307951876654,-130.0818358335008,0.16578468714036526,1.7769231057640726,0.8884615528820363,-0.7226768657416711,0.5166666666666667,0.4099925093098819,0.09329874016640594,-130.5984714978902,4003
10,5,0.3,0.75,180,0.04496627529352985,29.84124368526575,319.8461590375331,239.8846192781498,-210.04337559288405,0.16578468714036526,1.7769231057640726,1.3326923293230544,-1.1669076421826892,0.5166666666666667,0.4099925093098819,0.09329874016640594,-210.30172011080452,4003
10,5,0.3,1.0,180,0.04496627529352985,29.84124368526575,319.8461590375331,319.8461590375331,-290.0049153522673,0.16578468714036526,1.7769231057640726,1.7769231057640726,-1.6111384186237074,0.5166666666666667,0.4099925093098819,0.09329874016640594,-290.00496872371906,4003
10,5,0.4,0.0,74,0.01848613539845116,14.61844307117599,137.25939795046804,0.0,14.61844307117599,0.19754652798886474,1.8548567290603797,0.0,0.19754652798886474,0.5540540540540541,0.5074960610783216,0.10650231087601927,-1.0329066854875002,4003
10,5,0.4,0.25,74,0.01848613539845116,14.61844307117599,137.25939795046804,34.31484948761701,-19.69640641644103,0.19754652798886474,1.8548567290603797,0.4637141822650949,-0.2661676542762301,0.5540540540540541,0.5074960610783216,0.10650231087601927,-19.911578999047798,4003
10,5,0.4,0.5,74,0.01848613539845116,14.61844307117599,137.25939795046804,68.62969897523402,-54.01125590405804,0.19754652798886474,1.8548567290603797,0.9274283645301898,-0.729881836541325,0.5540540540540541,0.5074960610783216,0.10650231087601927,-54.01125590405804,4003
10,5,0.4,0.75,74,0.01848613539845116,14.61844307117599,137.25939795046804,102.94454846285105,-88.32610539167507,0.19754652798886474,1.8548567290603797,1.3911425467952845,-1.1935960188064196,0.5540540540540541,0.5074960610783216,0.10650231087601927,-88.32610539167509,4003
10,5,0.4,1.0,74,0.01848613539845116,14.61844307117599,137.25939795046804,137.25939795046804,-122.64095487929208,0.19754652798886474,1.8548567290603797,1.8548567290603797,-1.6573102010715144,0.5540540540540541,0.5074960610783216,0.10650231087601927,-122.64095487929208,4003
10,5,0.5,0.0,31,0.007744191856107919,7.826126149962365,56.50671356822008,0.0,7.826126149962365,0.2524556822568505,1.822797211878067,0.0,0.2524556822568505,0.6129032258064516,0.5951590791215151,0.138499050037903,-0.3439765407997619,4003
10,5,0.5,0.25,31,0.007744191856107919,7.826126149962365,56.50671356822008,14.12667839205502,-6.300552242092655,0.2524556822568505,1.822797211878067,0.4556993029695168,-0.20324362071266625,0.6129032258064516,0.5951590791215151,0.138499050037903,-6.903138194765423,4003
10,5,0.5,0.5,31,0.007744191856107919,7.826126149962365,56.50671356822008,28.25335678411004,-20.427230634147676,0.2524556822568505,1.822797211878067,0.9113986059390335,-0.6589429236821831,0.6129032258064516,0.5951590791215151,0.138499050037903,-20.599365438842604,4003
10,5,0.5,0.75,31,0.007744191856107919,7.826126149962365,56.50671356822008,42.38003517616506,-34.55390902620269,0.2524556822568505,1.822797211878067,1.36709790890855,-1.1146422266516995,0.6129032258064516,0.5951590791215151,0.138499050037903,-34.55390902620269,4003
10,5,0.5,1.0,31,0.007744191856107919,7.826126149962365,56.50671356822008,56.50671356822008,-48.68058741825771,0.2524556822568505,1.822797211878067,1.822797211878067,-1.5703415296212164,0.6129032258064516,0.5951590791215151,0.138499050037903,-48.6805874182577,4003
